date,开盘,收盘,最高,最低,Close_Lag1,Close_Lag2
2017-05-12,8.68,8.9,8.9,8.64,8.7,8.67
2017-05-15,8.89,8.86,8.95,8.81,8.9,8.7
2017-05-16,8.84,8.84,8.85,8.73,8.86,8.9
2017-05-17,8.81,8.77,8.81,8.75,8.84,8.86
2017-05-18,8.72,8.73,8.77,8.71,8.77,8.84
2017-05-19,8.74,8.69,8.76,8.68,8.73,8.77
2017-05-22,8.68,8.68,8.73,8.61,8.69,8.73
2017-05-23,8.67,8.79,8.84,8.64,8.68,8.69
2017-05-24,8.78,8.81,8.83,8.68,8.79,8.68
2017-05-25,8.79,9.1,9.14,8.78,8.81,8.79
2017-05-26,9.08,9.1,9.13,9.04,9.1,8.81
2017-05-31,9.1,9.2,9.23,9.06,9.1,9.1
2017-06-01,9.2,9.19,9.23,9.12,9.2,9.1
2017-06-02,9.18,9.17,9.29,9.14,9.19,9.2
2017-06-05,9.13,9.03,9.17,8.99,9.17,9.19
2017-06-06,9.01,9.04,9.06,8.99,9.03,9.17
2017-06-07,9.02,9.13,9.15,9.01,9.04,9.03
2017-06-08,9.11,9.13,9.15,9.08,9.13,9.04
2017-06-09,9.15,9.15,9.22,9.12,9.13,9.13
2017-06-12,9.15,9.11,9.19,9.1,9.15,9.13
2017-06-13,9.11,9.12,9.14,9.05,9.11,9.15
2017-06-14,9.12,9.08,9.13,9.04,9.12,9.11
2017-06-15,9.08,9.04,9.08,9.03,9.08,9.12
2017-06-16,9.04,9.02,9.08,9.01,9.04,9.08
2017-06-19,9.03,9.13,9.15,9.02,9.02,9.04
2017-06-20,9.12,9.12,9.16,9.09,9.13,9.02
2017-06-21,9.17,9.15,9.18,9.11,9.12,9.13
2017-06-22,9.15,9.25,9.4,9.14,9.15,9.12
2017-06-23,9.23,9.25,9.27,9.16,9.25,9.15
2017-06-26,9.26,9.3,9.4,9.26,9.25,9.25
2017-06-27,9.3,9.36,9.39,9.27,9.3,9.25
2017-06-28,9.35,9.43,9.49,9.33,9.36,9.3
2017-06-29,9.43,9.43,9.45,9.37,9.43,9.36
2017-06-30,9.4,9.39,9.43,9.31,9.43,9.43
2017-07-03,9.4,9.4,9.43,9.34,9.39,9.43
2017-07-04,9.4,9.34,9.41,9.3,9.4,9.39
2017-07-05,9.29,9.37,9.38,9.27,9.34,9.4
2017-07-06,9.36,9.4,9.41,9.31,9.37,9.34
2017-07-07,9.37,9.47,9.48,9.34,9.4,9.37
2017-07-10,9.45,9.59,9.66,9.44,9.47,9.4
2017-07-11,9.61,10.25,10.46,9.61,9.59,9.47
2017-07-12,10.27,10.34,10.58,10.2,10.25,9.59
2017-07-13,10.3,10.9,10.9,10.24,10.34,10.25
2017-07-14,10.81,10.9,10.94,10.66,10.9,10.34
2017-07-17,10.95,10.81,11.33,10.72,10.9,10.9
2017-07-18,10.75,11.05,11.14,10.62,10.81,10.9
2017-07-19,10.99,11.09,11.19,10.88,11.05,10.81
2017-07-20,11.08,10.97,11.22,10.91,11.09,11.05
2017-07-21,10.83,10.89,10.95,10.69,10.97,11.09
2017-07-24,10.82,10.95,11.06,10.73,10.89,10.97
2017-07-25,10.98,11.0,11.27,10.95,10.95,10.89
2017-07-26,10.92,10.74,11.18,10.66,11.0,10.95
2017-07-27,10.72,10.59,10.77,10.53,10.74,11.0
2017-07-28,10.61,10.74,10.81,10.58,10.59,10.74
2017-07-31,10.8,10.67,10.82,10.45,10.74,10.59
2017-08-01,10.64,11.04,11.08,10.6,10.67,10.74
2017-08-02,11.05,11.15,11.34,10.96,11.04,10.67
2017-08-03,11.14,11.01,11.22,10.97,11.15,11.04
2017-08-04,11.0,11.17,11.29,10.93,11.01,11.15
2017-08-07,11.06,11.0,11.17,10.9,11.17,11.01
2017-08-08,11.0,11.05,11.11,10.91,11.0,11.17
2017-08-09,10.96,10.73,11.02,10.68,11.05,11.0
2017-08-10,10.7,10.62,10.82,10.54,10.73,11.05
2017-08-11,10.48,10.02,10.54,9.99,10.62,10.73
2017-08-14,10.13,10.22,10.25,10.04,10.02,10.62
2017-08-15,10.24,10.31,10.51,10.21,10.22,10.02
2017-08-16,10.29,10.34,10.37,10.15,10.31,10.22
2017-08-17,10.35,10.42,10.42,10.29,10.34,10.31
2017-08-18,10.36,10.44,10.6,10.29,10.42,10.34
2017-08-21,10.43,10.46,10.52,10.39,10.44,10.42
2017-08-22,10.48,10.65,10.66,10.37,10.46,10.44
2017-08-23,10.63,10.9,10.98,10.59,10.65,10.46
2017-08-24,10.89,10.93,11.11,10.84,10.9,10.65
2017-08-25,10.94,11.11,11.17,10.9,10.93,10.9
2017-08-28,11.1,11.35,11.54,11.1,11.11,10.93
2017-08-29,11.3,11.67,11.74,11.28,11.35,11.11
2017-08-30,11.68,11.43,11.7,11.35,11.67,11.35
2017-08-31,11.39,11.28,11.44,11.15,11.43,11.67
2017-09-01,11.28,11.21,11.39,11.15,11.28,11.43
2017-09-04,11.18,11.72,11.72,11.17,11.21,11.28
2017-09-05,11.68,11.64,11.94,11.6,11.72,11.21
2017-09-06,11.59,11.7,11.88,11.48,11.64,11.72
2017-09-07,11.65,11.44,11.75,11.39,11.7,11.64
2017-09-08,11.46,11.49,11.64,11.38,11.44,11.7
2017-09-11,11.54,11.38,11.69,11.3,11.49,11.44
2017-09-12,11.38,11.54,11.54,11.27,11.38,11.49
2017-09-13,11.49,11.43,11.54,11.34,11.54,11.38
2017-09-14,11.43,11.32,11.59,11.24,11.43,11.54
2017-09-15,11.29,11.29,11.32,11.15,11.32,11.43
2017-09-18,11.25,11.25,11.32,11.2,11.29,11.32
2017-09-19,11.25,11.13,11.34,11.08,11.25,11.29
2017-09-20,11.14,11.29,11.37,11.05,11.13,11.25
2017-09-21,11.26,11.46,11.51,11.2,11.29,11.13
2017-09-22,11.43,11.44,11.52,11.31,11.46,11.29
2017-09-25,11.44,11.29,11.45,11.18,11.44,11.46
2017-09-26,11.26,11.05,11.3,10.96,11.29,11.44
2017-09-27,11.01,10.93,11.08,10.9,11.05,11.29
2017-09-28,10.98,10.88,10.98,10.82,10.93,11.05
2017-09-29,10.92,11.11,11.16,10.86,10.88,10.93
2017-10-09,11.57,11.3,11.64,11.26,11.11,10.88
2017-10-10,11.33,11.47,11.5,11.33,11.3,11.11
2017-10-11,11.48,11.53,11.58,11.34,11.47,11.3
2017-10-12,11.54,11.55,11.58,11.47,11.53,11.47
2017-10-13,11.56,11.36,11.56,11.25,11.55,11.53
2017-10-16,11.36,11.59,11.6,11.29,11.36,11.55
2017-10-17,11.62,11.51,11.65,11.48,11.59,11.36
2017-10-18,11.53,11.69,11.7,11.51,11.51,11.59
2017-10-19,11.64,11.63,11.72,11.57,11.69,11.51
2017-10-20,11.59,11.48,11.59,11.41,11.63,11.69
2017-10-23,11.39,11.19,11.4,11.15,11.48,11.63
2017-10-24,11.2,11.39,11.42,11.18,11.19,11.48
2017-10-25,11.36,11.27,11.37,11.25,11.39,11.19
2017-10-26,11.25,11.18,11.32,11.12,11.27,11.39
2017-10-27,11.19,11.56,11.56,11.18,11.18,11.27
2017-10-30,11.55,11.56,11.73,11.45,11.56,11.18
2017-10-31,11.55,11.54,11.58,11.39,11.56,11.56
2017-11-01,11.56,11.4,11.59,11.32,11.54,11.56
2017-11-02,11.36,11.54,11.58,11.26,11.4,11.54
2017-11-03,11.49,11.39,11.68,11.35,11.54,11.4
2017-11-06,11.42,11.28,11.42,11.09,11.39,11.54
2017-11-07,11.27,11.92,12.09,11.25,11.28,11.39
2017-11-08,12.0,12.13,12.59,11.93,11.92,11.28
2017-11-09,12.2,12.33,12.57,12.15,12.13,11.92
2017-11-10,12.37,12.3,12.55,12.15,12.33,12.13
2017-11-13,12.35,12.9,13.1,12.35,12.3,12.33
2017-11-14,12.95,12.95,13.26,12.81,12.9,12.3
2017-11-15,12.9,12.9,13.13,12.77,12.95,12.9
2017-11-16,12.9,13.1,13.12,12.67,12.9,12.95
2017-11-17,13.17,13.18,13.46,13.03,13.1,12.9
2017-11-20,13.13,14.25,14.25,13.05,13.18,13.1
2017-11-21,14.07,14.45,14.79,14.01,14.25,13.18
2017-11-22,14.48,15.1,15.24,14.48,14.45,14.25
2017-11-23,15.15,14.35,15.24,14.07,15.1,14.45
2017-11-24,14.29,14.56,14.59,13.78,14.35,15.1
2017-11-27,14.3,13.93,14.3,13.75,14.56,14.35
2017-11-28,13.85,13.7,13.85,13.4,13.93,14.56
2017-11-29,13.73,13.82,13.93,13.47,13.7,13.93
2017-11-30,13.7,13.38,13.73,13.26,13.82,13.7
2017-12-01,13.4,13.0,13.48,12.96,13.38,13.82
2017-12-04,13.05,13.3,13.37,13.0,13.0,13.38
2017-12-05,13.15,13.3,13.49,13.1,13.3,13.0
2017-12-06,13.26,13.08,13.27,12.79,13.3,13.3
2017-12-07,13.05,12.83,13.14,12.75,13.08,13.3
2017-12-08,12.89,13.09,13.09,12.75,12.83,13.08
2017-12-11,13.08,13.5,13.57,12.88,13.09,12.83
2017-12-12,13.4,13.02,13.48,13.02,13.5,13.09
2017-12-13,13.0,13.13,13.2,12.88,13.02,13.5
2017-12-14,13.15,13.0,13.31,12.91,13.13,13.02
2017-12-15,12.9,12.72,12.93,12.67,13.0,13.13
2017-12-18,12.73,12.75,12.91,12.64,12.72,13.0
2017-12-19,12.79,13.28,13.32,12.74,12.75,12.72
2017-12-20,13.2,13.26,13.31,13.13,13.28,12.75
2017-12-21,13.18,13.54,13.68,13.16,13.26,13.28
2017-12-22,13.5,13.52,13.63,13.45,13.54,13.26
2017-12-25,13.52,13.25,13.86,13.16,13.52,13.54
2017-12-26,13.26,13.66,13.69,13.19,13.25,13.52
2017-12-27,13.58,13.29,13.78,13.19,13.66,13.25
2017-12-28,13.28,13.21,13.46,13.02,13.29,13.66
2017-12-29,13.21,13.3,13.43,13.1,13.21,13.29
2018-01-02,13.35,13.7,13.93,13.32,13.3,13.21
2018-01-03,13.73,13.33,13.86,13.2,13.7,13.3
2018-01-04,13.32,13.25,13.37,13.13,13.33,13.7
2018-01-05,13.21,13.3,13.35,13.15,13.25,13.33
2018-01-08,13.25,12.96,13.29,12.86,13.3,13.25
2018-01-09,12.96,13.08,13.2,12.92,12.96,13.3
2018-01-10,13.04,13.47,13.49,12.92,13.08,12.96
2018-01-11,13.41,13.4,13.59,13.27,13.47,13.08
2018-01-12,13.45,13.55,13.68,13.41,13.4,13.47
2018-01-15,13.51,14.2,14.33,13.5,13.55,13.4
2018-01-16,14.17,14.2,14.38,14.02,14.2,13.55
2018-01-17,14.33,14.23,14.8,14.2,14.2,14.2
2018-01-18,14.4,14.72,14.72,14.28,14.23,14.2
2018-01-19,14.8,14.8,15.13,14.68,14.72,14.23
2018-01-22,14.6,14.44,14.94,14.43,14.8,14.72
2018-01-23,14.36,14.65,14.9,14.33,14.44,14.8
2018-01-24,14.66,14.64,15.08,14.5,14.65,14.44
2018-01-25,14.45,14.2,14.47,14.0,14.64,14.65
2018-01-26,14.18,14.05,14.34,14.02,14.2,14.64
2018-01-29,14.05,13.74,14.25,13.6,14.05,14.2
2018-01-30,13.7,13.65,13.84,13.55,13.74,14.05
2018-01-31,13.6,14.05,14.05,13.53,13.65,13.74
2018-02-01,13.95,14.03,14.3,13.84,14.05,13.65
2018-02-02,13.91,14.05,14.1,13.63,14.03,14.05
2018-02-05,13.8,14.55,14.57,13.73,14.05,14.03
2018-02-06,14.23,14.0,14.33,13.93,14.55,14.05
2018-02-07,14.22,12.92,14.3,12.76,14.0,14.55
2018-02-08,12.83,12.54,12.92,12.53,12.92,14.0
2018-02-09,12.08,11.69,12.08,11.38,12.54,12.92
2018-02-12,11.78,11.72,11.84,11.56,11.69,12.54
2018-02-13,11.87,11.94,12.21,11.84,11.72,11.69
2018-02-14,11.96,12.0,12.03,11.76,11.94,11.72
2018-02-22,12.25,12.46,12.53,12.25,12.0,11.94
2018-02-23,12.58,12.61,12.79,12.45,12.46,12.0
2018-02-26,12.77,12.63,12.85,12.45,12.61,12.46
2018-02-27,12.64,12.28,12.7,12.19,12.63,12.61
2018-02-28,12.1,12.05,12.19,11.93,12.28,12.63
2018-03-01,11.92,12.04,12.15,11.9,12.05,12.28
2018-03-02,11.92,11.95,12.04,11.85,12.04,12.05
2018-03-05,11.93,11.86,12.08,11.8,11.95,12.04
2018-03-06,11.95,12.1,12.11,11.77,11.86,11.95
2018-03-07,12.15,12.05,12.34,12.04,12.1,11.86
2018-03-08,12.05,12.11,12.15,11.95,12.05,12.1
2018-03-09,12.15,12.09,12.2,11.98,12.11,12.05
2018-03-12,12.15,12.03,12.17,11.95,12.09,12.11
2018-03-13,12.04,12.02,12.22,12.0,12.03,12.09
2018-03-14,11.98,11.92,12.0,11.83,12.02,12.03
2018-03-15,11.79,11.71,11.85,11.66,11.92,12.02
2018-03-16,11.72,11.64,11.85,11.64,11.71,11.92
2018-03-19,11.66,11.83,11.84,11.61,11.64,11.71
2018-03-20,11.74,11.82,11.88,11.72,11.83,11.64
2018-03-21,11.95,11.9,12.12,11.85,11.82,11.83
2018-03-22,11.9,11.66,11.97,11.62,11.9,11.82
2018-03-23,11.25,11.34,11.35,10.92,11.66,11.9
2018-03-26,11.15,10.93,11.2,10.86,11.34,11.66
2018-03-27,11.1,10.94,11.17,10.86,10.93,11.34
2018-03-28,10.85,10.89,11.14,10.79,10.94,10.93
2018-03-29,10.92,11.05,11.17,10.55,10.89,10.94
2018-03-30,11.04,10.9,11.05,10.88,11.05,10.89
2018-04-02,10.87,10.71,10.99,10.7,10.9,11.05
2018-04-03,10.6,10.56,10.67,10.51,10.71,10.9
2018-04-04,10.68,10.87,11.01,10.6,10.56,10.71
2018-04-09,10.8,11.02,11.1,10.73,10.87,10.56
2018-04-10,11.02,11.42,11.46,10.97,11.02,10.87
2018-04-11,11.39,11.83,11.92,11.38,11.42,11.02
2018-04-12,11.8,11.52,11.83,11.42,11.83,11.42
2018-04-13,11.64,11.57,11.79,11.45,11.52,11.83
2018-04-16,11.47,11.1,11.47,11.03,11.57,11.52
2018-04-17,11.12,11.21,11.45,11.11,11.1,11.57
2018-04-18,11.45,11.5,11.61,11.28,11.21,11.1
2018-04-19,11.52,11.47,11.69,11.42,11.5,11.21
2018-04-20,11.51,11.35,11.58,11.2,11.47,11.5
2018-04-23,11.3,11.57,11.61,11.26,11.35,11.47
2018-04-24,11.63,11.86,11.94,11.58,11.57,11.35
2018-04-25,11.76,11.68,11.81,11.63,11.86,11.57
2018-04-26,11.66,11.42,11.69,11.31,11.68,11.86
2018-04-27,11.49,10.85,11.51,10.63,11.42,11.68
2018-05-02,10.97,10.88,11.03,10.8,10.85,11.42
2018-05-03,10.86,10.75,10.88,10.57,10.88,10.85
2018-05-04,10.73,10.68,10.83,10.66,10.75,10.88
2018-05-07,10.7,10.81,10.83,10.64,10.68,10.75
2018-05-08,10.83,11.01,11.15,10.8,10.81,10.68
2018-05-09,10.98,10.97,11.03,10.88,11.01,10.81
2018-05-10,11.03,11.01,11.09,10.91,10.97,11.01
2018-05-11,11.04,11.01,11.13,10.96,11.01,10.97
2018-05-14,11.09,11.18,11.23,11.03,11.01,11.01
2018-05-15,11.18,11.12,11.19,11.02,11.18,11.01
2018-05-16,11.07,10.9,11.07,10.89,11.12,11.18
2018-05-17,10.91,10.82,10.94,10.78,10.9,11.12
2018-05-18,10.81,10.96,10.97,10.76,10.82,10.9
2018-05-21,11.07,10.95,11.11,10.93,10.96,10.82
2018-05-22,10.95,10.86,10.98,10.79,10.95,10.96
2018-05-23,10.82,10.65,10.82,10.62,10.86,10.95
2018-05-24,10.66,10.61,10.68,10.58,10.65,10.86
2018-05-25,10.61,10.59,10.67,10.55,10.61,10.65
2018-05-28,10.58,10.59,10.66,10.51,10.59,10.61
2018-05-29,10.58,10.38,10.63,10.35,10.59,10.59
2018-05-30,10.29,10.08,10.29,10.05,10.38,10.59
2018-05-31,10.11,10.18,10.19,10.02,10.08,10.38
2018-06-01,10.15,10.19,10.29,10.07,10.18,10.08
2018-06-04,10.23,10.27,10.31,10.15,10.19,10.18
2018-06-05,10.29,10.26,10.3,10.11,10.27,10.19
2018-06-06,10.25,10.14,10.26,10.1,10.26,10.27
2018-06-07,10.2,10.37,10.46,10.18,10.14,10.26
2018-06-08,10.33,10.12,10.33,10.06,10.37,10.14
2018-06-11,10.06,10.04,10.13,10.0,10.12,10.37
2018-06-12,10.03,10.06,10.08,9.95,10.04,10.12
2018-06-13,10.04,9.95,10.06,9.95,10.06,10.04
2018-06-14,9.95,10.07,10.15,9.92,9.95,10.06
2018-06-15,10.08,10.17,10.29,10.06,10.07,9.95
2018-06-19,10.05,9.87,10.15,9.82,10.17,10.07
2018-06-20,9.87,9.91,9.95,9.76,9.87,10.17
2018-06-21,9.93,9.86,10.04,9.86,9.91,9.87
2018-06-22,9.8,9.85,9.87,9.77,9.86,9.91
2018-06-25,9.91,9.46,9.92,9.38,9.85,9.86
2018-06-26,9.39,9.36,9.44,9.09,9.46,9.85
2018-06-27,9.31,9.09,9.4,9.03,9.36,9.46
2018-06-28,8.95,8.92,9.08,8.87,9.09,9.36
2018-06-29,9.01,9.09,9.13,8.96,8.92,9.09
2018-07-02,9.05,8.61,9.05,8.55,9.09,8.92
2018-07-03,8.69,8.67,8.7,8.45,8.61,9.09
2018-07-04,8.63,8.61,8.75,8.61,8.67,8.61
2018-07-05,8.62,8.6,8.73,8.55,8.61,8.67
2018-07-06,8.61,8.66,8.78,8.45,8.6,8.61
2018-07-09,8.69,9.03,9.03,8.68,8.66,8.6
2018-07-10,9.02,8.98,9.02,8.89,9.03,8.66
2018-07-11,8.76,8.78,8.83,8.68,8.98,9.03
2018-07-12,8.6,8.88,8.97,8.58,8.78,8.98
2018-07-13,8.92,8.88,8.94,8.82,8.88,8.78
2018-07-16,8.85,8.73,8.9,8.69,8.88,8.88
2018-07-17,8.74,8.72,8.75,8.66,8.73,8.88
2018-07-18,8.75,8.7,8.85,8.69,8.72,8.73
2018-07-19,8.75,8.73,8.81,8.69,8.7,8.72
2018-07-20,8.73,9.11,9.2,8.61,8.73,8.7
2018-07-23,9.04,9.42,9.45,9.0,9.11,8.73
2018-07-24,9.39,9.4,9.59,9.33,9.42,9.11
2018-07-25,9.44,9.38,9.47,9.33,9.4,9.42
2018-07-26,9.4,9.25,9.48,9.21,9.38,9.4
2018-07-27,9.3,9.25,9.36,9.18,9.25,9.38
2018-07-30,9.32,9.39,9.49,9.26,9.25,9.25
2018-07-31,9.37,9.42,9.49,9.25,9.39,9.25
2018-08-01,9.42,9.15,9.5,9.11,9.42,9.39
2018-08-02,9.13,8.94,9.15,8.88,9.15,9.42
2018-08-03,8.93,8.91,9.1,8.91,8.94,9.15
2018-08-06,8.94,8.94,9.11,8.89,8.91,8.94
2018-08-07,8.96,9.17,9.17,8.88,8.94,8.91
2018-08-08,9.16,9.05,9.16,9.04,9.17,8.94
2018-08-09,9.04,9.29,9.35,9.02,9.05,9.17
2018-08-10,9.3,9.23,9.32,9.16,9.29,9.05
2018-08-13,9.12,9.05,9.16,8.9,9.23,9.29
2018-08-14,9.03,9.0,9.04,8.94,9.05,9.23
2018-08-15,9.02,8.79,9.02,8.75,9.0,9.05
2018-08-16,8.73,8.78,8.89,8.64,8.79,9.0
2018-08-17,8.88,8.81,8.94,8.78,8.78,8.79
2018-08-20,8.9,9.0,9.02,8.87,8.81,8.78
2018-08-21,9.02,9.23,9.26,9.01,9.0,8.81
2018-08-22,9.24,9.29,9.34,9.13,9.23,9.0
2018-08-23,9.3,9.36,9.42,9.23,9.29,9.23
2018-08-24,9.31,10.03,10.28,9.29,9.36,9.29
2018-08-27,10.02,10.43,10.43,9.97,10.03,9.36
2018-08-28,10.34,10.29,10.43,10.24,10.43,10.03
2018-08-29,10.25,10.27,10.33,10.15,10.29,10.43
2018-08-30,10.27,10.12,10.35,10.08,10.27,10.29
2018-08-31,10.13,10.13,10.32,10.1,10.12,10.27
2018-09-03,10.09,10.19,10.3,10.09,10.13,10.12
2018-09-04,10.2,10.43,10.55,10.07,10.19,10.13
2018-09-05,10.3,10.05,10.33,10.05,10.43,10.19
2018-09-06,10.05,9.97,10.14,9.95,10.05,10.43
2018-09-07,10.04,10.01,10.18,9.93,9.97,10.05
2018-09-10,10.01,9.88,10.07,9.84,10.01,9.97
2018-09-11,9.9,9.91,10.03,9.81,9.88,10.01
2018-09-12,9.87,9.88,9.97,9.82,9.91,9.88
2018-09-13,10.09,9.96,10.1,9.84,9.88,9.91
2018-09-14,9.98,9.84,9.98,9.81,9.96,9.88
2018-09-17,9.8,9.69,9.8,9.68,9.84,9.96
2018-09-18,9.73,10.08,10.12,9.7,9.69,9.84
2018-09-19,10.03,10.24,10.34,10.03,10.08,9.69
2018-09-20,10.27,10.23,10.36,10.19,10.24,10.08
2018-09-21,10.26,10.67,10.7,10.18,10.23,10.24
2018-09-25,10.52,10.55,10.68,10.48,10.67,10.23
2018-09-26,10.61,10.71,10.92,10.52,10.55,10.67
2018-09-27,10.65,10.74,10.84,10.57,10.71,10.55
2018-09-28,10.78,11.05,11.27,10.78,10.74,10.71
2018-10-08,10.7,10.45,10.79,10.45,11.05,10.74
2018-10-09,10.46,10.56,10.7,10.39,10.45,11.05
2018-10-10,10.54,10.45,10.66,10.38,10.56,10.45
2018-10-11,10.05,9.86,10.16,9.7,10.45,10.56
2018-10-12,9.97,10.3,10.34,9.87,9.86,10.45
2018-10-15,10.39,10.11,10.47,10.09,10.3,9.86
2018-10-16,10.14,10.37,10.54,10.12,10.11,10.3
2018-10-17,10.5,10.33,10.55,10.14,10.37,10.11
2018-10-18,10.29,10.09,10.29,10.06,10.33,10.37
2018-10-19,9.95,10.76,10.78,9.92,10.09,10.33
2018-10-22,10.81,11.15,11.46,10.78,10.76,10.09
2018-10-23,11.2,10.84,11.22,10.73,11.15,10.76
2018-10-24,10.9,11.04,11.33,10.8,10.84,11.15
2018-10-25,10.8,11.29,11.29,10.71,11.04,10.84
2018-10-26,11.29,11.18,11.31,10.96,11.29,11.04
2018-10-29,11.2,10.75,11.24,10.62,11.18,11.29
2018-10-30,10.78,10.9,11.08,10.73,10.75,11.18
2018-10-31,10.95,10.91,10.99,10.75,10.9,10.75
2018-11-01,10.99,10.83,11.05,10.76,10.91,10.9
2018-11-02,11.04,11.09,11.16,10.83,10.83,10.91
2018-11-05,10.95,10.92,11.04,10.82,11.09,10.83
2018-11-06,10.87,10.84,10.93,10.73,10.92,11.09
2018-11-07,10.83,10.81,10.95,10.75,10.84,10.92
2018-11-08,10.88,10.89,10.97,10.82,10.81,10.84
2018-11-09,10.71,10.55,10.73,10.4,10.89,10.81
2018-11-12,10.46,10.56,10.58,10.38,10.55,10.89
2018-11-13,10.41,10.54,10.65,10.38,10.56,10.55
2018-11-14,10.53,10.44,10.55,10.42,10.54,10.56
2018-11-15,10.44,10.62,10.64,10.42,10.44,10.54
2018-11-16,10.61,10.57,10.72,10.49,10.62,10.44
2018-11-19,10.57,10.85,10.88,10.57,10.57,10.62
2018-11-20,10.75,10.57,10.8,10.52,10.85,10.57
2018-11-21,10.5,10.61,10.67,10.48,10.57,10.85
2018-11-22,10.67,10.55,10.67,10.48,10.61,10.57
2018-11-23,10.53,10.32,10.58,10.31,10.55,10.61
2018-11-26,10.34,10.34,10.46,10.3,10.32,10.55
2018-11-27,10.35,10.18,10.39,10.16,10.34,10.32
2018-11-28,10.17,10.28,10.31,10.16,10.18,10.34
2018-11-29,10.35,10.2,10.39,10.19,10.28,10.18
2018-11-30,10.22,10.36,10.36,10.17,10.2,10.28
2018-12-03,10.59,10.59,10.66,10.47,10.36,10.2
2018-12-04,10.57,10.59,10.62,10.53,10.59,10.36
2018-12-05,10.49,10.45,10.51,10.4,10.59,10.59
2018-12-06,10.36,10.25,10.37,10.23,10.45,10.59
2018-12-07,10.3,10.28,10.39,10.27,10.25,10.45
2018-12-10,10.22,10.17,10.27,10.13,10.28,10.25
2018-12-11,10.21,10.23,10.26,10.17,10.17,10.28
2018-12-12,10.3,10.24,10.32,10.2,10.23,10.17
2018-12-13,10.25,10.39,10.48,10.2,10.24,10.23
2018-12-14,10.34,10.17,10.35,10.16,10.39,10.24
2018-12-17,10.16,10.29,10.33,10.1,10.17,10.39
2018-12-18,10.2,10.12,10.32,10.1,10.29,10.17
2018-12-19,10.14,9.94,10.18,9.9,10.12,10.29
2018-12-20,9.92,9.71,9.97,9.63,9.94,10.12
2018-12-21,9.68,9.45,9.7,9.33,9.71,9.94
2018-12-24,9.4,9.42,9.45,9.31,9.45,9.71
2018-12-25,9.29,9.34,9.43,9.21,9.42,9.45
2018-12-26,9.35,9.3,9.42,9.27,9.34,9.42
2018-12-27,9.45,9.28,9.49,9.28,9.3,9.34
2018-12-28,9.31,9.38,9.46,9.31,9.28,9.3
2019-01-02,9.39,9.19,9.42,9.16,9.38,9.28
2019-01-03,9.18,9.28,9.33,9.15,9.19,9.38
2019-01-04,9.24,9.75,9.82,9.22,9.28,9.19
2019-01-07,9.84,9.74,9.85,9.63,9.75,9.28
2019-01-08,9.73,9.66,9.74,9.62,9.74,9.75
2019-01-09,9.74,9.94,10.08,9.7,9.66,9.74
2019-01-10,9.87,10.1,10.2,9.86,9.94,9.66
2019-01-11,10.11,10.2,10.22,10.05,10.1,9.94
2019-01-14,10.22,10.11,10.25,10.07,10.2,10.1
2019-01-15,10.11,10.24,10.28,10.09,10.11,10.2
2019-01-16,10.24,10.48,10.5,10.23,10.24,10.11
2019-01-17,10.54,10.25,10.57,10.17,10.48,10.24
2019-01-18,10.34,10.43,10.49,10.28,10.25,10.48
2019-01-21,10.34,10.34,10.47,10.32,10.43,10.25
2019-01-22,10.34,10.28,10.44,10.26,10.34,10.43
2019-01-23,10.29,10.35,10.47,10.29,10.28,10.34
2019-01-24,10.4,10.52,10.55,10.37,10.35,10.28
2019-01-25,10.56,11.0,11.04,10.55,10.52,10.35
2019-01-28,11.04,10.94,11.14,10.88,11.0,10.52
2019-01-29,10.96,11.0,11.07,10.77,10.94,11.0
2019-01-30,10.95,10.95,11.18,10.86,11.0,10.94
2019-01-31,10.98,11.1,11.2,10.94,10.95,11.0
2019-02-01,11.2,11.2,11.25,10.96,11.1,10.95
2019-02-11,11.08,11.21,11.21,10.97,11.2,11.1
2019-02-12,11.2,11.19,11.31,11.03,11.21,11.2
2019-02-13,11.19,11.38,11.41,11.12,11.19,11.21
2019-02-14,11.3,11.25,11.33,11.19,11.38,11.19
2019-02-15,11.23,10.95,11.23,10.9,11.25,11.38
2019-02-18,11.05,11.36,11.36,11.04,10.95,11.25
2019-02-19,11.36,11.27,11.62,11.24,11.36,10.95
2019-02-20,11.33,11.41,11.53,11.25,11.27,11.36
2019-02-21,11.38,11.36,11.55,11.28,11.41,11.27
2019-02-22,11.35,11.54,11.57,11.15,11.36,11.41
2019-02-25,11.7,12.55,12.64,11.57,11.54,11.36
2019-02-26,12.55,12.2,12.57,12.15,12.55,11.54
2019-02-27,12.24,12.4,12.66,12.15,12.2,12.55
2019-02-28,12.44,12.36,12.61,12.27,12.4,12.2
2019-03-01,12.48,12.76,12.78,12.2,12.36,12.4
2019-03-04,12.7,12.99,13.38,12.62,12.76,12.36
2019-03-05,12.91,13.06,13.29,12.84,12.99,12.76
2019-03-06,13.06,13.08,13.15,12.84,13.06,12.99
2019-03-07,13.06,12.74,13.06,12.55,13.08,13.06
2019-03-08,12.49,12.3,12.7,12.25,12.74,13.08
2019-03-11,12.3,12.32,12.49,12.05,12.3,12.74
2019-03-12,12.49,12.36,12.64,12.24,12.32,12.3
2019-03-13,12.34,12.37,12.55,12.13,12.36,12.32
2019-03-14,12.33,12.43,12.62,12.27,12.37,12.36
2019-03-15,12.34,12.5,12.68,12.34,12.43,12.37
2019-03-18,12.53,12.91,12.94,12.32,12.5,12.43
2019-03-19,12.92,12.79,12.94,12.61,12.91,12.5
2019-03-20,12.68,12.75,12.88,12.62,12.79,12.91
2019-03-21,12.77,12.69,12.8,12.58,12.75,12.79
2019-03-22,12.69,12.59,12.74,12.5,12.69,12.75
2019-03-25,12.4,12.11,12.4,12.1,12.59,12.69
2019-03-26,12.23,12.1,12.29,12.01,12.11,12.59
2019-03-27,12.24,12.38,12.47,12.18,12.1,12.11
2019-03-28,12.31,12.22,12.31,12.1,12.38,12.1
2019-03-29,12.26,12.82,12.82,12.21,12.22,12.38
2019-04-01,12.83,13.18,13.55,12.83,12.82,12.22
2019-04-02,13.28,13.36,13.48,13.23,13.18,12.82
2019-04-03,13.21,13.44,13.45,13.15,13.36,13.18
2019-04-04,13.43,13.86,14.0,13.43,13.44,13.36
2019-04-08,13.9,13.96,14.43,13.72,13.86,13.44
2019-04-09,13.87,13.81,13.98,13.75,13.96,13.86
2019-04-10,13.75,13.73,13.88,13.4,13.81,13.96
2019-04-11,13.73,13.54,13.96,13.49,13.73,13.81
2019-04-12,13.49,13.42,13.59,13.21,13.54,13.73
2019-04-15,13.72,13.69,14.09,13.66,13.42,13.54
2019-04-16,13.67,14.58,14.58,13.55,13.69,13.42
2019-04-17,14.42,14.35,14.59,14.23,14.58,13.69
2019-04-18,14.3,14.34,14.37,14.11,14.35,14.58
2019-04-19,14.45,14.73,14.8,14.3,14.34,14.35
2019-04-22,14.6,14.15,14.84,14.08,14.73,14.34
2019-04-23,14.1,14.07,14.2,13.97,14.15,14.73
2019-04-24,14.45,14.44,14.6,14.16,14.07,14.15
2019-04-25,14.38,14.13,14.64,14.13,14.44,14.07
2019-04-26,14.08,13.79,14.25,13.7,14.13,14.44
2019-04-29,13.9,14.1,14.33,13.86,13.79,14.13
2019-04-30,13.99,13.85,14.05,13.59,14.1,13.79
2019-05-06,13.1,12.87,13.35,12.71,13.85,14.1
2019-05-07,13.03,12.95,13.09,12.72,12.87,13.85
2019-05-08,12.72,12.6,12.91,12.5,12.95,12.87
2019-05-09,12.52,12.16,12.58,12.05,12.6,12.95
2019-05-10,12.34,12.68,12.75,12.1,12.16,12.6
2019-05-13,12.33,12.3,12.54,12.23,12.68,12.16
2019-05-14,12.2,12.49,12.75,12.16,12.3,12.68
2019-05-15,12.58,12.92,13.11,12.57,12.49,12.3
2019-05-16,12.93,12.85,12.99,12.78,12.92,12.49
2019-05-17,12.92,12.44,12.93,12.36,12.85,12.92
2019-05-20,12.35,12.38,12.54,12.25,12.44,12.85
2019-05-21,12.4,12.56,12.73,12.36,12.38,12.44
2019-05-22,12.57,12.4,12.57,12.32,12.56,12.38
2019-05-23,12.24,12.29,12.42,12.14,12.4,12.56
2019-05-24,12.35,12.35,12.45,12.31,12.29,12.4
2019-05-27,12.21,12.37,12.42,11.93,12.35,12.29
2019-05-28,12.31,12.49,12.55,12.26,12.37,12.35
2019-05-29,12.36,12.4,12.59,12.26,12.49,12.37
2019-05-30,12.32,12.22,12.38,12.11,12.4,12.49
2019-05-31,12.16,12.18,12.4,12.11,12.22,12.4
2019-06-03,12.22,11.9,12.33,11.82,12.18,12.22
2019-06-04,11.89,11.85,11.94,11.6,11.9,12.18
2019-06-05,11.97,11.97,12.14,11.92,11.85,11.9
2019-06-06,11.97,11.92,12.07,11.89,11.97,11.85
2019-06-10,12.01,12.34,12.47,11.98,11.92,11.97
2019-06-11,12.34,12.65,12.72,12.3,12.34,11.92
2019-06-12,12.63,12.57,12.66,12.44,12.65,12.34
2019-06-13,12.54,12.59,12.68,12.43,12.57,12.65
2019-06-14,12.59,12.49,12.69,12.45,12.59,12.57
2019-06-17,12.48,12.67,12.79,12.48,12.49,12.59
2019-06-18,12.67,12.8,12.85,12.59,12.67,12.49
2019-06-19,13.29,13.07,13.39,13.01,12.8,12.67
2019-06-20,13.17,13.8,13.95,13.12,13.07,12.8
2019-06-21,13.76,13.64,13.87,13.58,13.8,13.07
2019-06-24,13.69,13.69,13.83,13.61,13.64,13.8
2019-06-25,13.72,13.43,13.72,13.07,13.69,13.64
2019-06-26,13.27,13.37,13.5,13.19,13.43,13.69
2019-06-27,13.5,13.71,13.85,13.45,13.37,13.43
2019-06-28,13.73,13.78,13.79,13.58,13.71,13.37
2019-07-01,14.01,13.93,14.18,13.87,13.78,13.71
2019-07-02,13.88,14.18,14.24,13.86,13.93,13.78
2019-07-03,14.18,14.01,14.21,13.87,14.18,13.93
2019-07-04,14.01,13.99,14.28,13.88,14.01,14.18
2019-07-05,13.95,13.92,13.98,13.69,13.99,14.01
2019-07-08,13.82,13.59,13.88,13.45,13.92,13.99
2019-07-09,13.63,13.59,13.71,13.44,13.59,13.92
2019-07-10,13.61,13.56,13.7,13.49,13.59,13.59
2019-07-11,13.68,13.54,13.78,13.53,13.56,13.59
2019-07-12,13.6,14.12,14.23,13.58,13.54,13.56
2019-07-15,14.03,14.0,14.12,13.84,14.12,13.54
2019-07-16,13.97,13.75,13.99,13.71,14.0,14.12
2019-07-17,13.7,13.69,13.81,13.61,13.75,14.0
2019-07-18,13.65,13.67,13.81,13.56,13.69,13.75
2019-07-19,13.74,13.99,14.08,13.68,13.67,13.69
2019-07-22,13.96,13.85,14.02,13.76,13.99,13.67
2019-07-23,13.86,13.76,13.87,13.65,13.85,13.99
2019-07-24,13.87,13.88,14.01,13.79,13.76,13.85
2019-07-25,13.92,14.2,14.27,13.85,13.88,13.76
2019-07-26,14.18,14.23,14.25,14.08,14.2,13.88
2019-07-29,14.25,14.29,14.45,14.18,14.23,14.2
2019-07-30,14.31,14.37,14.55,14.29,14.29,14.23
2019-07-31,14.3,14.13,14.32,14.08,14.37,14.29
2019-08-01,14.06,14.1,14.19,13.94,14.13,14.37
2019-08-02,13.77,13.74,13.88,13.66,14.1,14.13
2019-08-05,13.6,13.35,13.64,13.27,13.74,14.1
2019-08-06,13.1,13.37,13.46,13.03,13.35,13.74
2019-08-07,13.49,13.54,13.64,13.37,13.37,13.35
2019-08-08,13.9,14.38,14.5,13.85,13.54,13.37
2019-08-09,14.55,14.52,14.85,14.43,14.38,13.54
2019-08-12,14.61,15.12,15.12,14.6,14.52,14.38
2019-08-13,15.0,14.89,15.08,14.74,15.12,14.52
2019-08-14,15.14,14.97,15.22,14.8,14.89,15.12
2019-08-15,14.64,14.94,14.96,14.6,14.97,14.89
2019-08-16,15.09,14.9,15.14,14.78,14.94,14.97
2019-08-19,14.91,14.92,14.94,14.52,14.9,14.94
2019-08-20,14.92,14.99,15.2,14.77,14.92,14.9
2019-08-21,14.87,14.45,14.89,14.38,14.99,14.92
2019-08-22,14.4,14.31,14.45,14.2,14.45,14.99
2019-08-23,14.37,14.65,14.74,14.35,14.31,14.45
2019-08-26,14.42,14.25,14.5,14.15,14.65,14.31
2019-08-27,14.36,14.31,14.48,14.24,14.25,14.65
2019-08-28,14.26,14.27,14.28,14.05,14.31,14.25
2019-08-29,14.22,14.13,14.24,14.08,14.27,14.31
2019-08-30,14.29,14.16,14.39,14.1,14.13,14.27
2019-09-02,14.15,14.45,14.5,14.11,14.16,14.13
2019-09-03,14.48,14.3,14.51,14.25,14.45,14.16
2019-09-04,14.32,14.44,14.5,14.31,14.3,14.45
2019-09-05,14.56,14.58,14.85,14.55,14.44,14.3
2019-09-06,14.71,14.81,14.81,14.62,14.58,14.44
2019-09-09,14.98,14.69,15.0,14.6,14.81,14.58
2019-09-10,14.6,14.55,14.64,14.41,14.69,14.81
2019-09-11,14.6,14.56,14.71,14.46,14.55,14.69
2019-09-12,14.66,14.68,14.78,14.53,14.56,14.55
2019-09-16,14.7,14.45,14.72,14.4,14.68,14.56
2019-09-17,14.36,14.24,14.45,14.18,14.45,14.68
2019-09-18,14.24,14.41,14.48,14.24,14.24,14.45
2019-09-19,14.48,14.84,14.89,14.48,14.41,14.24
2019-09-20,14.95,15.34,15.4,14.93,14.84,14.41
2019-09-23,15.34,15.38,15.47,15.18,15.34,14.84
2019-09-24,15.47,15.18,15.54,15.18,15.38,15.34
2019-09-25,15.2,15.75,15.85,15.19,15.18,15.38
2019-09-26,15.86,15.71,16.04,15.66,15.75,15.18
2019-09-27,15.85,15.9,16.0,15.7,15.71,15.75
2019-09-30,15.75,15.59,15.89,15.57,15.9,15.71
2019-10-08,15.6,16.2,16.23,15.6,15.59,15.9
2019-10-09,16.1,16.25,16.52,16.02,16.2,15.59
2019-10-10,16.27,16.24,16.27,15.99,16.25,16.2
2019-10-11,16.2,16.81,16.95,16.2,16.24,16.25
2019-10-14,16.97,17.22,17.6,16.92,16.81,16.24
2019-10-15,17.25,17.18,17.35,16.82,17.22,16.81
2019-10-16,17.26,16.79,17.44,16.63,17.18,17.22
2019-10-17,16.9,16.7,17.0,16.55,16.79,17.18
2019-10-18,16.8,16.51,17.04,16.43,16.7,16.79
2019-10-21,16.43,16.89,16.97,16.43,16.51,16.7
2019-10-22,16.91,16.42,16.93,16.03,16.89,16.51
2019-10-23,16.32,16.45,16.67,16.23,16.42,16.89
2019-10-24,16.5,16.87,17.0,16.44,16.45,16.42
2019-10-25,16.78,16.88,16.96,16.58,16.87,16.45
2019-10-28,16.98,16.66,17.04,16.48,16.88,16.87
2019-10-29,16.69,16.91,16.93,16.56,16.66,16.88
2019-10-30,16.8,16.43,16.96,16.42,16.91,16.66
2019-10-31,16.42,16.26,16.47,16.24,16.43,16.91
2019-11-01,16.35,16.86,17.0,16.28,16.26,16.43
2019-11-04,16.98,16.92,17.25,16.77,16.86,16.26
2019-11-05,16.8,17.15,17.44,16.79,16.92,16.86
2019-11-06,17.06,16.96,17.26,16.88,17.15,16.92
2019-11-07,16.93,16.89,17.07,16.75,16.96,17.15
2019-11-08,16.98,16.65,17.02,16.64,16.89,16.96
2019-11-11,16.5,16.28,16.53,16.2,16.65,16.89
2019-11-12,16.29,16.33,16.37,16.16,16.28,16.65
2019-11-13,16.29,16.33,16.46,16.06,16.33,16.28
2019-11-14,16.43,16.32,16.48,16.25,16.33,16.33
2019-11-15,16.39,16.34,16.55,16.24,16.32,16.33
2019-11-18,16.35,16.45,16.55,16.23,16.34,16.32
2019-11-19,16.45,16.41,16.48,16.31,16.45,16.34
2019-11-20,16.3,15.85,16.3,15.77,16.41,16.45
2019-11-21,15.75,15.86,15.87,15.63,15.85,16.41
2019-11-22,15.89,15.59,15.92,15.55,15.86,15.85
2019-11-25,15.64,15.8,15.84,15.54,15.59,15.86
2019-11-26,15.89,15.62,15.89,15.49,15.8,15.59
2019-11-27,15.64,15.47,15.64,15.39,15.62,15.8
2019-11-28,15.47,15.49,15.54,15.44,15.47,15.62
2019-11-29,15.54,15.29,15.55,15.18,15.49,15.47
2019-12-02,15.35,15.36,15.43,15.23,15.29,15.49
2019-12-03,15.3,15.45,15.46,15.21,15.36,15.29
2019-12-04,15.34,15.31,15.41,15.21,15.45,15.36
2019-12-05,15.35,15.43,15.48,15.3,15.31,15.45
2019-12-06,15.47,15.6,15.72,15.46,15.43,15.31
2019-12-09,15.62,15.41,15.62,15.35,15.6,15.43
2019-12-10,15.36,15.33,15.38,15.25,15.41,15.6
2019-12-11,15.38,15.66,15.68,15.3,15.33,15.41
2019-12-12,15.66,15.6,15.67,15.53,15.66,15.33
2019-12-13,15.85,16.12,16.12,15.77,15.6,15.66
2019-12-16,16.12,16.13,16.14,15.87,16.12,15.6
2019-12-17,16.0,16.5,16.63,15.98,16.13,16.12
2019-12-18,16.43,16.46,16.66,16.41,16.5,16.13
2019-12-19,16.55,16.55,16.74,16.44,16.46,16.5
2019-12-20,16.55,16.59,16.68,16.44,16.55,16.46
2019-12-23,16.68,16.24,16.68,16.17,16.59,16.55
2019-12-24,16.23,16.4,16.5,16.23,16.24,16.59
2019-12-25,16.45,16.3,16.56,16.24,16.4,16.24
2019-12-26,16.34,16.47,16.48,16.32,16.3,16.4
2019-12-27,16.53,16.63,16.93,16.43,16.47,16.3
2019-12-30,16.46,16.57,16.63,16.1,16.63,16.47
2019-12-31,16.57,16.45,16.63,16.31,16.57,16.63
2020-01-02,16.65,16.87,16.95,16.55,16.45,16.57
2020-01-03,16.94,17.18,17.31,16.92,16.87,16.45
2020-01-06,17.01,17.07,17.34,16.91,17.18,16.87
2020-01-07,17.13,17.15,17.28,16.95,17.07,17.18
2020-01-08,17.0,16.66,17.05,16.63,17.15,17.07
2020-01-09,16.81,16.79,16.93,16.53,16.66,17.15
2020-01-10,16.79,16.69,16.81,16.52,16.79,16.66
2020-01-13,16.75,16.99,17.03,16.61,16.69,16.79
2020-01-14,16.99,16.76,17.27,16.76,16.99,16.69
2020-01-15,16.79,16.52,16.86,16.45,16.76,16.99
2020-01-16,16.52,16.33,16.57,16.2,16.52,16.76
2020-01-17,16.38,16.39,16.55,16.35,16.33,16.52
2020-01-20,16.43,16.45,16.61,16.35,16.39,16.33
2020-01-21,16.34,16.0,16.34,15.93,16.45,16.39
2020-01-22,15.92,16.09,16.16,15.71,16.0,16.45
2020-01-23,15.92,15.54,15.92,15.39,16.09,16.0
2020-02-03,13.99,13.99,14.7,13.99,15.54,16.09
2020-02-04,14.05,14.6,14.66,14.02,13.99,15.54
2020-02-05,14.59,14.63,14.89,14.32,14.6,13.99
2020-02-06,14.81,14.77,14.87,14.51,14.63,14.6
2020-02-07,14.6,14.62,14.69,14.41,14.77,14.63
2020-02-10,14.51,14.5,14.53,14.3,14.62,14.77
2020-02-11,14.6,14.79,14.94,14.56,14.5,14.62
2020-02-12,14.79,14.77,14.82,14.6,14.79,14.5
2020-02-13,14.71,14.65,14.88,14.61,14.77,14.79
2020-02-14,14.75,15.03,15.14,14.7,14.65,14.77
2020-02-17,15.04,15.37,15.37,14.93,15.03,14.65
2020-02-18,15.33,15.2,15.33,15.01,15.37,15.03
2020-02-19,15.1,15.24,15.37,15.08,15.2,15.37
2020-02-20,15.27,15.59,15.62,15.1,15.24,15.2
2020-02-21,15.49,15.58,15.72,15.45,15.59,15.24
2020-02-24,15.46,15.23,15.46,15.15,15.58,15.59
2020-02-25,15.0,15.04,15.13,14.78,15.23,15.58
2020-02-26,14.77,14.99,15.27,14.7,15.04,15.23
2020-02-27,14.96,15.11,15.15,14.89,14.99,15.04
2020-02-28,14.85,14.5,15.04,14.46,15.11,14.99
2020-03-02,14.55,14.79,14.95,14.46,14.5,15.11
2020-03-03,14.96,14.72,14.99,14.63,14.79,14.5
2020-03-04,14.68,14.69,14.78,14.51,14.72,14.79
2020-03-05,14.8,15.39,15.64,14.73,14.69,14.72
2020-03-06,15.18,15.03,15.27,15.02,15.39,14.69
2020-03-09,14.71,14.45,14.73,14.42,15.03,15.39
2020-03-10,14.38,14.76,14.85,14.38,14.45,15.03
2020-03-11,14.77,14.69,14.88,14.62,14.76,14.45
2020-03-12,14.65,14.68,14.84,14.53,14.69,14.76
2020-03-13,13.9,14.52,14.58,13.9,14.68,14.69
2020-03-16,14.45,13.75,14.46,13.75,14.52,14.68
2020-03-17,13.75,13.41,13.97,13.13,13.75,14.52
2020-03-18,13.41,12.71,13.55,12.65,13.41,13.75
2020-03-19,12.68,12.23,12.74,11.91,12.71,13.41
2020-03-20,12.4,12.52,12.68,12.26,12.23,12.71
2020-03-23,12.0,12.15,12.35,11.93,12.52,12.23
2020-03-24,12.4,12.61,12.68,12.27,12.15,12.52
2020-03-25,12.88,12.87,13.07,12.7,12.61,12.15
2020-03-26,12.78,13.06,13.34,12.72,12.87,12.61
2020-03-27,13.25,13.15,13.38,13.08,13.06,12.87
2020-03-30,12.85,12.94,13.04,12.76,13.15,13.06
2020-03-31,13.05,12.8,13.09,12.78,12.94,13.15
2020-04-01,12.86,12.89,13.13,12.82,12.8,12.94
2020-04-02,12.75,12.97,12.97,12.66,12.89,12.8
2020-04-03,12.82,12.61,12.89,12.55,12.97,12.89
2020-04-07,12.89,12.88,12.94,12.81,12.61,12.97
2020-04-08,12.88,12.78,12.92,12.72,12.88,12.61
2020-04-09,12.88,12.74,12.89,12.72,12.78,12.88
2020-04-10,12.76,12.79,12.98,12.65,12.74,12.78
2020-04-13,12.67,12.59,12.71,12.47,12.79,12.74
2020-04-14,12.65,12.86,12.86,12.57,12.59,12.79
2020-04-15,12.86,12.87,12.93,12.78,12.86,12.59
2020-04-16,12.79,12.68,12.79,12.54,12.87,12.86
2020-04-17,12.77,12.89,13.04,12.65,12.68,12.87
2020-04-20,12.86,12.99,13.05,12.77,12.89,12.68
2020-04-21,13.3,13.45,13.7,13.3,12.99,12.89
2020-04-22,13.37,13.23,13.42,13.16,13.45,12.99
2020-04-23,13.23,13.23,13.31,13.11,13.23,13.45
2020-04-24,13.17,13.24,13.28,13.11,13.23,13.23
2020-04-27,13.3,13.5,13.64,13.25,13.24,13.23
2020-04-28,13.45,13.52,13.56,13.27,13.5,13.24
2020-04-29,13.48,14.02,14.1,13.45,13.52,13.5
2020-04-30,14.02,13.93,14.32,13.88,14.02,13.52
2020-05-06,13.76,13.77,13.89,13.61,13.93,14.02
2020-05-07,13.76,13.69,13.76,13.6,13.77,13.93
2020-05-08,13.76,13.95,14.02,13.68,13.69,13.77
2020-05-11,13.92,14.0,14.13,13.9,13.95,13.69
2020-05-12,13.95,13.79,14.05,13.72,14.0,13.95
2020-05-13,13.75,13.63,13.78,13.53,13.79,14.0
2020-05-14,13.55,13.3,13.59,13.22,13.63,13.79
2020-05-15,13.39,13.23,13.43,13.14,13.3,13.63
2020-05-18,13.2,13.2,13.34,13.12,13.23,13.3
2020-05-19,13.41,13.36,13.45,13.27,13.2,13.23
2020-05-20,13.38,13.51,13.62,13.27,13.36,13.2
2020-05-21,13.52,13.4,13.57,13.36,13.51,13.36
2020-05-22,13.33,12.92,13.34,12.92,13.4,13.51
2020-05-25,12.97,12.96,12.98,12.76,12.92,13.4
2020-05-26,13.02,13.04,13.07,12.94,12.96,12.92
2020-05-27,13.05,13.0,13.19,12.96,13.04,12.96
2020-05-28,12.87,13.07,13.18,12.81,13.0,13.04
2020-05-29,13.01,13.0,13.04,12.92,13.07,13.0
2020-06-01,13.1,13.32,13.39,13.08,13.0,13.07
2020-06-02,13.29,13.55,13.63,13.28,13.32,13.0
2020-06-03,13.64,13.54,13.88,13.5,13.55,13.32
2020-06-04,13.53,13.57,13.64,13.41,13.54,13.55
2020-06-05,13.6,13.59,13.62,13.43,13.57,13.54
2020-06-08,13.68,13.62,13.85,13.58,13.59,13.57
2020-06-09,13.64,13.67,13.73,13.53,13.62,13.59
2020-06-10,13.71,13.49,13.71,13.4,13.67,13.62
2020-06-11,13.38,13.08,13.39,13.0,13.49,13.67
2020-06-12,12.9,12.99,13.02,12.87,13.08,13.49
2020-06-15,12.85,12.82,12.97,12.8,12.99,13.08
2020-06-16,12.9,12.89,12.99,12.86,12.82,12.99
2020-06-17,12.89,12.85,12.92,12.76,12.89,12.82
2020-06-18,12.76,12.76,12.8,12.59,12.85,12.89
2020-06-19,12.73,12.8,12.84,12.61,12.76,12.85
2020-06-22,12.74,12.64,12.76,12.62,12.8,12.76
2020-06-23,12.65,12.6,12.69,12.52,12.64,12.8
2020-06-24,12.64,12.8,12.88,12.6,12.6,12.64
2020-06-29,12.92,12.8,12.97,12.71,12.8,12.6
2020-06-30,12.83,12.8,12.88,12.72,12.8,12.8
2020-07-01,12.79,13.12,13.15,12.74,12.8,12.8
2020-07-02,13.08,13.43,13.49,12.97,13.12,12.8
2020-07-03,13.57,14.25,14.32,13.56,13.43,13.12
2020-07-06,14.6,15.68,15.68,14.59,14.25,13.43
2020-07-07,16.3,15.48,16.63,15.03,15.68,14.25
2020-07-08,15.23,15.76,16.0,15.23,15.48,15.68
2020-07-09,15.66,15.53,15.66,15.31,15.76,15.48
2020-07-10,15.35,14.86,15.48,14.76,15.53,15.76
2020-07-13,14.7,14.89,15.08,14.5,14.86,15.53
2020-07-14,14.9,14.68,15.19,14.55,14.89,14.86
2020-07-15,14.78,14.27,14.86,14.23,14.68,14.89
2020-07-16,14.3,14.15,14.55,14.12,14.27,14.68
2020-07-17,14.17,14.14,14.28,13.95,14.15,14.27
2020-07-20,14.23,14.73,14.77,14.1,14.14,14.15
2020-07-21,14.68,14.49,14.68,14.4,14.73,14.14
2020-07-22,14.49,14.41,14.65,14.27,14.49,14.73
2020-07-23,14.24,14.01,14.29,13.81,14.41,14.49
2020-07-24,13.97,13.5,13.99,13.42,14.01,14.41
2020-07-27,13.67,13.24,13.68,13.1,13.5,14.01
2020-07-28,13.34,13.34,13.43,13.18,13.24,13.5
2020-07-29,13.35,13.54,13.63,13.21,13.34,13.24
2020-07-30,13.5,13.37,13.51,13.37,13.54,13.34
2020-07-31,13.28,13.34,13.53,13.25,13.37,13.54
2020-08-03,13.47,13.59,13.62,13.43,13.34,13.37
2020-08-04,13.66,14.04,14.15,13.48,13.59,13.34
2020-08-05,13.82,13.76,13.85,13.62,14.04,13.59
2020-08-06,13.82,13.9,13.96,13.65,13.76,14.04
2020-08-07,13.8,13.7,13.9,13.62,13.9,13.76
2020-08-10,13.67,13.95,14.02,13.62,13.7,13.9
2020-08-11,13.97,14.13,14.66,13.97,13.95,13.7
2020-08-12,14.21,14.38,14.5,14.15,14.13,13.95
2020-08-13,14.4,14.18,14.46,14.14,14.38,14.13
2020-08-14,14.1,14.47,14.51,14.06,14.18,14.38
2020-08-17,14.6,15.19,15.35,14.55,14.47,14.18
2020-08-18,15.2,15.15,15.3,14.91,15.19,14.47
2020-08-19,15.11,15.1,15.35,14.96,15.15,15.19
2020-08-20,15.01,14.59,15.14,14.53,15.1,15.15
2020-08-21,14.71,14.45,14.71,14.32,14.59,15.1
2020-08-24,14.5,14.46,14.71,14.41,14.45,14.59
2020-08-25,14.56,14.6,14.69,14.46,14.46,14.45
2020-08-26,14.6,14.37,14.61,14.28,14.6,14.46
2020-08-27,14.4,14.46,14.46,14.11,14.37,14.6
2020-08-28,14.26,15.13,15.18,14.26,14.46,14.37
2020-08-31,15.3,15.08,15.68,14.99,15.13,14.46
2020-09-01,14.96,15.14,15.23,14.88,15.08,15.13
2020-09-02,15.01,15.32,15.53,15.01,15.14,15.08
2020-09-03,15.32,14.9,15.33,14.84,15.32,15.14
2020-09-04,14.73,14.96,15.06,14.6,14.9,15.32
2020-09-07,14.88,14.94,15.24,14.83,14.96,14.9
2020-09-08,15.0,15.43,15.43,15.0,14.94,14.96
2020-09-09,15.26,15.21,15.56,15.13,15.43,14.94
2020-09-10,15.32,15.34,15.48,15.2,15.21,15.43
2020-09-11,15.18,15.01,15.3,14.82,15.34,15.21
2020-09-14,15.01,15.3,15.3,14.92,15.01,15.34
2020-09-15,15.2,15.35,15.48,15.15,15.3,15.01
2020-09-16,15.32,15.44,15.54,15.21,15.35,15.3
2020-09-17,15.54,15.57,15.72,15.4,15.44,15.35
2020-09-18,15.62,16.07,16.09,15.52,15.57,15.44
2020-09-21,16.0,15.86,16.05,15.71,16.07,15.57
2020-09-22,15.67,15.57,15.84,15.39,15.86,16.07
2020-09-23,15.59,15.63,15.83,15.51,15.57,15.86
2020-09-24,15.59,15.12,15.61,15.12,15.63,15.57
2020-09-25,15.2,15.19,15.31,15.11,15.12,15.63
2020-09-28,15.19,15.31,15.37,14.98,15.19,15.12
2020-09-29,15.39,14.8,15.41,14.76,15.31,15.19
2020-09-30,14.8,15.17,15.27,14.8,14.8,15.31
2020-10-09,15.3,15.18,15.55,15.13,15.17,14.8
2020-10-12,15.22,15.9,16.05,15.21,15.18,15.17
2020-10-13,15.9,16.06,16.11,15.77,15.9,15.18
2020-10-14,16.04,16.03,16.12,15.8,16.06,15.9
2020-10-15,16.2,16.56,16.92,16.15,16.03,16.06
2020-10-16,16.56,17.1,17.37,16.54,16.56,16.03
2020-10-19,17.3,17.48,18.1,17.3,17.1,16.56
2020-10-20,17.48,17.54,17.6,17.25,17.48,17.1
2020-10-21,17.64,17.91,18.0,17.33,17.54,17.48
2020-10-22,17.94,17.56,18.5,17.3,17.91,17.54
2020-10-23,17.53,18.13,18.78,17.53,17.56,17.91
2020-10-26,18.2,17.7,18.29,17.45,18.13,17.56
2020-10-27,18.0,17.76,18.0,17.5,17.7,18.13
2020-10-28,17.76,17.63,17.9,17.29,17.76,17.7
2020-10-29,17.54,17.77,17.93,17.35,17.63,17.76
2020-10-30,17.74,17.75,18.36,17.6,17.77,17.63
2020-11-02,17.65,17.63,18.05,17.33,17.75,17.77
2020-11-03,17.71,17.96,18.34,17.7,17.63,17.75
2020-11-04,18.35,18.32,18.48,17.96,17.96,17.63
2020-11-05,18.37,17.7,18.5,17.54,18.32,17.96
2020-11-06,17.71,17.64,17.75,17.22,17.7,18.32
2020-11-09,17.67,17.84,18.0,17.54,17.64,17.7
2020-11-10,18.0,18.11,18.5,17.93,17.84,17.64
2020-11-11,18.2,17.81,18.3,17.6,18.11,17.84
2020-11-12,17.81,17.66,17.94,17.45,17.81,18.11
2020-11-13,17.42,17.18,17.47,16.69,17.66,17.81
2020-11-16,17.08,17.37,17.43,16.9,17.18,17.66
2020-11-17,17.38,17.83,17.93,17.25,17.37,17.18
2020-11-18,17.78,18.46,18.5,17.75,17.83,17.37
2020-11-19,18.59,18.85,18.98,18.3,18.46,17.83
2020-11-20,18.83,18.86,18.99,18.52,18.85,18.46
2020-11-23,18.85,19.62,19.62,18.8,18.86,18.85
2020-11-24,19.62,19.36,19.68,19.17,19.62,18.86
2020-11-25,19.48,19.06,19.7,19.05,19.36,19.62
2020-11-26,19.05,19.5,19.61,19.03,19.06,19.36
2020-11-27,20.0,19.7,20.0,19.38,19.5,19.06
2020-11-30,19.9,19.74,20.88,19.59,19.7,19.5
2020-12-01,19.7,20.05,20.51,19.4,19.74,19.7
2020-12-02,19.93,19.63,20.06,19.52,20.05,19.74
2020-12-03,19.78,19.54,19.86,19.17,19.63,20.05
2020-12-04,19.47,19.3,19.47,18.97,19.54,19.63
2020-12-07,19.31,18.91,19.39,18.68,19.3,19.54
2020-12-08,18.92,18.71,19.03,18.53,18.91,19.3
2020-12-09,18.79,18.71,19.05,18.68,18.71,18.91
2020-12-10,18.73,18.65,18.88,18.45,18.71,18.71
2020-12-11,18.71,18.52,18.8,18.22,18.65,18.71
2020-12-14,18.6,18.88,19.06,18.5,18.52,18.65
2020-12-15,18.8,18.74,18.85,18.15,18.88,18.52
2020-12-16,18.8,19.01,19.1,18.58,18.74,18.88
2020-12-17,18.91,18.95,19.07,18.6,19.01,18.74
2020-12-18,19.0,18.36,19.1,18.23,18.95,19.01
2020-12-21,18.3,18.28,18.64,18.03,18.36,18.95
2020-12-22,18.36,17.9,18.65,17.88,18.28,18.36
2020-12-23,17.96,18.0,18.07,17.79,17.9,18.28
2020-12-24,18.15,18.26,18.49,18.05,18.0,17.9
2020-12-25,18.26,18.04,18.26,17.8,18.26,18.0
2020-12-28,18.02,18.85,18.86,17.96,18.04,18.26
2020-12-29,18.87,19.17,19.3,18.7,18.85,18.04
2020-12-30,19.0,19.2,19.2,18.72,19.17,18.85
2020-12-31,19.21,19.34,19.58,19.02,19.2,19.17
2021-01-04,19.1,18.6,19.1,18.44,19.34,19.2
2021-01-05,18.4,18.17,18.48,17.8,18.6,19.34
2021-01-06,18.08,19.56,19.56,18.0,18.17,18.6
2021-01-07,19.52,19.9,19.98,19.23,19.56,18.17
2021-01-08,19.9,19.85,20.1,19.31,19.9,19.56
2021-01-11,20.0,20.38,20.64,20.0,19.85,19.9
2021-01-12,20.39,21.0,21.0,20.18,20.38,19.85
2021-01-13,21.0,20.7,21.01,20.4,21.0,20.38
2021-01-14,20.68,20.17,20.89,19.95,20.7,21.0
2021-01-15,21.0,21.0,21.95,20.82,20.17,20.7
2021-01-18,21.2,22.7,22.78,21.2,21.0,20.17
2021-01-19,22.51,22.34,22.84,22.05,22.7,21.0
2021-01-20,22.15,22.47,22.97,22.12,22.34,22.7
2021-01-21,22.5,22.23,22.8,22.15,22.47,22.34
2021-01-22,22.23,22.03,22.23,21.51,22.23,22.47
2021-01-25,21.72,22.49,22.6,21.43,22.03,22.23
2021-01-26,22.3,22.37,23.32,22.3,22.49,22.03
2021-01-27,22.31,23.08,23.47,22.31,22.37,22.49
2021-01-28,22.78,22.81,23.18,22.45,23.08,22.37
2021-01-29,22.81,23.09,23.54,22.71,22.81,23.08
2021-02-01,23.0,24.55,24.99,22.7,23.09,22.81
2021-02-02,23.38,23.28,24.1,22.91,24.55,23.09
2021-02-03,23.48,24.95,25.18,23.38,23.28,24.55
2021-02-04,24.18,24.6,25.24,24.04,24.95,23.28
2021-02-05,24.6,24.93,25.31,24.27,24.6,24.95
2021-02-08,24.9,24.8,24.9,24.1,24.93,24.6
2021-02-09,24.79,24.58,24.84,24.17,24.8,24.93
2021-02-10,24.6,23.82,24.96,23.38,24.58,24.8
2021-02-18,24.0,24.3,24.55,23.48,23.82,24.58
2021-02-19,23.96,23.85,24.19,23.57,24.3,23.82
2021-02-22,23.8,22.38,23.8,22.26,23.85,24.3
2021-02-23,22.38,21.93,22.68,21.82,22.38,23.85
2021-02-24,22.27,22.16,22.28,21.56,21.93,22.38
2021-02-25,22.4,22.09,22.56,21.68,22.16,21.93
2021-02-26,21.6,21.38,21.96,21.21,22.09,22.16
2021-03-01,21.54,21.45,21.68,21.18,21.38,22.09
2021-03-02,21.62,21.65,22.15,21.26,21.45,21.38
2021-03-03,21.58,23.01,23.08,21.46,21.65,21.45
2021-03-04,22.77,22.92,23.49,22.65,23.01,21.65
2021-03-05,22.7,22.34,22.98,21.86,22.92,23.01
2021-03-08,22.44,21.6,22.69,21.48,22.34,22.92
2021-03-09,21.68,20.85,21.92,20.58,21.6,22.34
2021-03-10,20.84,20.4,20.91,20.28,20.85,21.6
2021-03-11,20.58,21.27,21.38,20.56,20.4,20.85
2021-03-12,21.37,21.48,21.7,21.2,21.27,20.4
2021-03-15,21.4,21.6,22.12,21.11,21.48,21.27
2021-03-16,21.6,21.66,22.11,21.27,21.6,21.48
2021-03-17,21.45,21.2,21.55,20.9,21.66,21.6
2021-03-18,21.3,21.73,21.73,21.0,21.2,21.66
2021-03-19,21.53,20.47,21.65,20.37,21.73,21.2
2021-03-22,20.55,21.55,21.55,20.53,20.47,21.73
2021-03-23,21.57,21.23,21.65,20.96,21.55,20.47
2021-03-24,21.21,20.53,21.28,20.45,21.23,21.55
2021-03-25,20.58,20.75,20.83,20.4,20.53,21.23
2021-03-26,20.84,21.14,21.4,20.76,20.75,20.53
2021-03-29,21.28,21.49,21.65,21.2,21.14,20.75
2021-03-30,21.38,21.93,21.93,21.21,21.49,21.14
2021-03-31,21.77,22.01,22.07,21.6,21.93,21.49
2021-04-01,22.08,21.78,22.11,21.5,22.01,21.93
2021-04-02,21.7,21.5,21.73,21.36,21.78,22.01
2021-04-06,21.55,21.68,22.09,21.51,21.5,21.78
2021-04-07,21.88,21.64,21.93,21.31,21.68,21.5
2021-04-08,21.46,21.56,21.73,21.33,21.64,21.68
2021-04-09,21.71,21.3,21.72,21.08,21.56,21.64
2021-04-12,21.51,20.7,21.51,20.63,21.3,21.56
2021-04-13,20.72,20.78,20.88,20.59,20.7,21.3
2021-04-14,20.79,20.67,20.94,20.42,20.78,20.7
2021-04-15,20.76,20.36,20.77,20.08,20.67,20.78
2021-04-16,20.36,20.26,20.43,19.81,20.36,20.67
2021-04-19,20.03,21.15,21.24,19.91,20.26,20.36
2021-04-20,21.08,21.69,21.95,20.92,21.15,20.26
2021-04-21,22.3,23.01,23.19,22.29,21.69,21.15
2021-04-22,23.19,22.98,23.23,22.78,23.01,21.69
2021-04-23,23.32,23.29,23.65,23.07,22.98,23.01
2021-04-26,23.87,22.94,24.23,22.9,23.29,22.98
2021-04-27,22.95,22.94,23.19,22.86,22.94,23.29
2021-04-28,23.29,23.35,23.45,22.78,22.94,22.94
2021-04-29,23.34,23.59,23.71,23.11,23.35,22.94
2021-04-30,23.35,23.29,23.49,23.01,23.59,23.35
2021-05-06,23.1,23.5,23.7,23.1,23.29,23.59
2021-05-07,23.67,24.05,24.3,23.39,23.5,23.29
2021-05-10,24.0,23.86,24.04,23.02,24.05,23.5
2021-05-11,23.62,23.53,23.75,23.06,23.86,24.05
2021-05-12,23.29,23.55,23.64,22.88,23.53,23.86
2021-05-13,23.52,23.07,23.59,22.84,23.55,23.53
2021-05-14,23.14,23.32,23.43,22.6,23.07,23.55
2021-05-17,23.15,23.6,23.82,22.95,23.32,23.07
2021-05-18,23.85,23.9,24.11,23.4,23.6,23.32
2021-05-19,23.82,23.6,24.13,23.52,23.9,23.6
2021-05-20,23.41,23.82,23.84,23.27,23.6,23.9
2021-05-21,23.88,23.49,24.09,23.03,23.82,23.6
2021-05-24,23.48,23.48,23.6,23.19,23.49,23.82
2021-05-25,23.54,24.6,24.73,23.45,23.48,23.49
2021-05-26,24.64,25.01,25.12,24.5,24.6,23.48
2021-05-27,24.91,24.79,25.16,24.52,25.01,24.6
2021-05-28,24.68,24.5,24.71,24.16,24.79,25.01
2021-05-31,24.33,24.2,24.53,23.91,24.5,24.79
2021-06-01,24.2,23.92,24.25,23.5,24.2,24.5
2021-06-02,23.89,23.89,23.92,23.38,23.92,24.2
2021-06-03,23.72,23.77,24.14,23.68,23.89,23.92
2021-06-04,23.99,24.54,24.96,23.8,23.77,23.89
2021-06-07,24.48,24.3,24.48,23.93,24.54,23.77
2021-06-08,24.15,24.53,24.57,23.95,24.3,24.54
2021-06-09,24.43,24.65,24.88,24.18,24.53,24.3
2021-06-10,24.66,24.2,25.06,24.15,24.65,24.53
2021-06-11,24.31,23.37,24.35,23.12,24.2,24.65
2021-06-15,23.35,23.22,23.43,22.8,23.37,24.2
2021-06-16,23.22,23.26,23.4,23.01,23.22,23.37
2021-06-17,23.02,23.1,23.69,23.02,23.26,23.22
2021-06-18,23.13,22.65,23.28,22.39,23.1,23.26
2021-06-21,22.6,22.16,22.67,22.01,22.65,23.1
2021-06-22,22.38,22.97,23.09,22.25,22.16,22.65
2021-06-23,22.85,23.14,23.41,22.72,22.97,22.16
2021-06-24,23.03,23.08,23.12,22.68,23.14,22.97
2021-06-25,23.08,23.36,23.6,23.06,23.08,23.14
2021-06-28,23.36,22.78,23.39,22.48,23.36,23.08
2021-06-29,22.58,22.34,22.79,22.0,22.78,23.36
2021-06-30,22.36,22.62,22.93,22.35,22.34,22.78
2021-07-01,22.81,23.2,23.5,22.52,22.62,22.34
2021-07-02,22.72,21.81,22.74,21.76,23.2,22.62
2021-07-05,21.69,22.06,22.15,21.09,21.81,23.2
2021-07-06,22.08,22.78,23.0,21.85,22.06,21.81
2021-07-07,22.68,22.55,23.05,22.5,22.78,22.06
2021-07-08,22.78,21.51,22.78,21.2,22.55,22.78
2021-07-09,21.3,21.27,21.63,21.02,21.51,22.55
2021-07-12,21.5,21.16,21.5,20.89,21.27,21.51
2021-07-13,21.15,21.12,21.34,20.54,21.16,21.27
2021-07-14,21.0,20.76,21.0,20.41,21.12,21.16
2021-07-15,20.72,21.62,21.72,20.63,20.76,21.12
2021-07-16,21.41,21.34,21.82,21.3,21.62,20.76
2021-07-19,21.36,21.21,21.43,20.78,21.34,21.62
2021-07-20,21.1,20.6,21.2,20.47,21.21,21.34
2021-07-21,20.58,20.45,20.8,20.2,20.6,21.21
2021-07-22,20.45,20.38,20.66,20.24,20.45,20.6
2021-07-23,20.38,20.1,20.38,20.0,20.38,20.45
2021-07-26,19.96,18.8,19.99,18.43,20.1,20.38
2021-07-27,18.87,17.76,18.99,17.6,18.8,20.1
2021-07-28,17.85,17.75,18.07,17.68,17.76,18.8
2021-07-29,17.91,17.96,18.24,17.78,17.75,17.76
2021-07-30,17.92,17.69,18.05,17.24,17.96,17.75
2021-08-02,17.64,18.01,18.14,17.18,17.69,17.96
2021-08-03,17.99,17.89,18.15,17.66,18.01,17.69
2021-08-04,18.04,17.81,18.07,17.6,17.89,18.01
2021-08-05,17.7,17.68,18.05,17.58,17.81,17.89
2021-08-06,17.55,17.86,17.9,17.45,17.68,17.81
2021-08-09,17.91,19.06,19.25,17.84,17.86,17.68
2021-08-10,19.09,19.73,19.98,18.9,19.06,17.86
2021-08-11,19.99,19.81,20.58,19.7,19.73,19.06
2021-08-12,19.79,19.89,20.3,19.63,19.81,19.73
2021-08-13,19.78,19.89,19.92,19.5,19.89,19.81
2021-08-16,20.09,19.95,20.2,19.57,19.89,19.89
2021-08-17,19.85,19.67,20.22,19.61,19.95,19.89
2021-08-18,19.67,20.62,21.2,19.55,19.67,19.95
2021-08-19,20.48,20.34,20.62,20.02,20.62,19.67
2021-08-20,19.97,19.42,20.07,18.7,20.34,20.62
2021-08-23,19.5,19.3,20.05,19.11,19.42,20.34
2021-08-24,19.35,19.36,19.97,19.21,19.3,19.42
2021-08-25,19.42,19.16,19.47,18.95,19.36,19.3
2021-08-26,19.2,18.46,19.26,18.41,19.16,19.36
2021-08-27,18.56,18.39,18.88,18.31,18.46,19.16
2021-08-30,18.21,17.72,18.29,17.55,18.39,18.46
2021-08-31,17.72,17.8,17.93,17.31,17.72,18.39
2021-09-01,17.48,17.88,17.92,17.01,17.8,17.72
2021-09-02,18.0,18.4,18.78,17.8,17.88,17.8
2021-09-03,18.5,18.04,18.5,17.7,18.4,17.88
2021-09-06,17.93,18.45,18.6,17.78,18.04,18.4
2021-09-07,18.6,19.24,19.56,18.35,18.45,18.04
2021-09-08,19.24,19.23,19.55,19.1,19.24,18.45
2021-09-09,19.11,19.0,19.15,18.8,19.23,19.24
2021-09-10,18.89,20.57,20.77,18.84,19.0,19.23
2021-09-13,20.36,20.21,20.51,19.81,20.57,19.0
2021-09-14,20.18,19.37,20.27,19.27,20.21,20.57
2021-09-15,19.31,19.52,20.99,19.19,19.37,20.21
2021-09-16,19.3,19.08,19.5,18.73,19.52,19.37
2021-09-17,18.9,18.53,19.0,18.41,19.08,19.52
2021-09-22,17.87,17.98,18.05,17.42,18.53,19.08
2021-09-23,18.1,17.68,18.32,17.65,17.98,18.53
2021-09-24,17.6,17.35,17.68,17.34,17.68,17.98
2021-09-27,17.21,17.57,17.68,17.06,17.35,17.68
2021-09-28,17.47,17.97,18.17,17.45,17.57,17.35
2021-09-29,17.86,18.15,18.44,17.71,17.97,17.57
2021-09-30,18.09,17.93,18.2,17.71,18.15,17.97
2021-10-08,18.17,18.64,18.89,18.02,17.93,18.15
2021-10-11,19.0,19.4,19.74,19.0,18.64,17.93
2021-10-12,19.3,19.35,19.71,19.2,19.4,18.64
2021-10-13,19.3,19.58,19.91,19.17,19.35,19.4
2021-10-14,19.59,19.21,19.92,18.89,19.58,19.35
2021-10-15,19.0,19.66,19.9,19.0,19.21,19.58
2021-10-18,19.45,19.29,19.55,19.1,19.66,19.21
2021-10-19,19.15,19.57,19.68,19.15,19.29,19.66
2021-10-20,19.75,19.24,19.78,19.19,19.57,19.29
2021-10-21,19.52,20.0,20.06,19.25,19.24,19.57
2021-10-22,20.16,20.04,20.59,19.8,20.0,19.24
2021-10-25,19.71,20.12,20.2,19.5,20.04,20.0
2021-10-26,20.06,20.05,20.45,19.86,20.12,20.04
2021-10-27,20.0,19.92,20.17,19.59,20.05,20.12
2021-10-28,19.8,19.72,19.94,19.37,19.92,20.05
2021-10-29,19.63,19.5,19.74,19.32,19.72,19.92
2021-11-01,19.33,19.39,19.73,19.01,19.5,19.72
2021-11-02,19.37,18.18,19.49,17.99,19.39,19.5
2021-11-03,18.1,18.03,18.24,17.85,18.18,19.39
2021-11-04,18.08,17.87,18.1,17.8,18.03,18.18
2021-11-05,17.85,17.64,18.0,17.57,17.87,18.03
2021-11-08,17.62,17.42,17.81,17.36,17.64,17.87
2021-11-09,17.48,17.53,17.65,17.26,17.42,17.64
2021-11-10,17.46,17.4,17.47,17.16,17.53,17.42
2021-11-11,17.35,18.35,18.43,17.32,17.4,17.53
2021-11-12,18.31,18.27,18.63,18.11,18.35,17.4
2021-11-15,18.35,18.43,18.63,18.2,18.27,18.35
2021-11-16,18.36,18.22,18.54,18.17,18.43,18.27
2021-11-17,18.15,18.11,18.3,17.98,18.22,18.43
2021-11-18,18.09,17.8,18.12,17.73,18.11,18.22
2021-11-19,17.8,18.15,18.24,17.7,17.8,18.11
2021-11-22,18.03,18.12,18.25,17.9,18.15,17.8
2021-11-23,18.11,17.88,18.35,17.68,18.12,18.15
2021-11-24,17.77,17.87,17.95,17.66,17.88,18.12
2021-11-25,17.74,17.68,17.79,17.63,17.87,17.88
2021-11-26,17.62,17.58,17.67,17.52,17.68,17.87
2021-11-29,17.41,17.51,17.57,17.36,17.58,17.68
2021-11-30,17.54,17.44,17.68,17.35,17.51,17.58
2021-12-01,17.43,17.64,17.77,17.37,17.44,17.51
2021-12-02,17.62,17.59,17.81,17.37,17.64,17.44
2021-12-03,17.64,17.65,17.7,17.41,17.59,17.64
2021-12-06,17.85,18.1,18.56,17.8,17.65,17.59
2021-12-07,18.3,18.46,18.67,18.15,18.1,17.65
2021-12-08,18.45,18.47,18.55,18.16,18.46,18.1
2021-12-09,18.49,18.7,19.06,18.37,18.47,18.46
2021-12-10,18.51,18.38,18.7,18.27,18.7,18.47
2021-12-13,18.47,18.27,18.88,18.18,18.38,18.7
2021-12-14,18.16,17.58,18.17,17.52,18.27,18.38
2021-12-15,17.51,17.55,17.66,17.4,17.58,18.27
2021-12-16,17.55,17.72,17.73,17.46,17.55,17.58
2021-12-17,17.7,17.57,17.75,17.57,17.72,17.55
2021-12-20,17.56,17.52,17.65,17.45,17.57,17.72
2021-12-21,17.49,17.59,17.71,17.48,17.52,17.57
2021-12-22,17.62,17.39,17.64,17.3,17.59,17.52
2021-12-23,17.4,17.32,17.43,17.21,17.39,17.59
2021-12-24,17.33,17.31,17.35,17.21,17.32,17.39
2021-12-27,17.33,17.22,17.35,17.16,17.31,17.32
2021-12-28,17.22,17.17,17.33,17.09,17.22,17.31
2021-12-29,17.16,16.75,17.16,16.7,17.17,17.22
2021-12-30,16.76,16.82,16.95,16.72,16.75,17.17
2021-12-31,16.86,16.48,16.9,16.4,16.82,16.75
2022-01-04,16.48,16.66,16.66,16.18,16.48,16.82
2022-01-05,16.58,17.15,17.22,16.55,16.66,16.48
2022-01-06,17.11,17.12,17.27,17.0,17.15,16.66
2022-01-07,17.1,17.2,17.28,17.06,17.12,17.15
2022-01-10,17.29,17.19,17.42,17.03,17.2,17.12
2022-01-11,17.26,17.41,17.54,17.14,17.19,17.2
2022-01-12,17.41,17.0,17.45,16.9,17.41,17.19
2022-01-13,16.91,16.98,17.24,16.82,17.0,17.41
2022-01-14,17.0,16.33,17.02,16.3,16.98,17.0
2022-01-17,16.35,16.22,16.48,16.12,16.33,16.98
2022-01-18,16.25,16.52,16.54,16.16,16.22,16.33
2022-01-19,16.54,16.5,16.69,16.36,16.52,16.22
2022-01-20,16.47,17.33,17.46,16.42,16.5,16.52
2022-01-21,17.45,17.35,17.56,17.21,17.33,16.5
2022-01-24,17.34,17.2,17.38,16.98,17.35,17.33
2022-01-25,17.08,16.85,17.08,16.81,17.2,17.35
2022-01-26,16.95,16.65,17.1,16.54,16.85,17.2
2022-01-27,16.5,16.3,16.54,16.25,16.65,16.85
2022-01-28,16.39,15.83,16.45,15.82,16.3,16.65
2022-02-07,16.02,16.39,16.41,15.89,15.83,16.3
2022-02-08,16.3,16.83,16.97,16.26,16.39,15.83
2022-02-09,16.92,16.86,17.0,16.71,16.83,16.39
2022-02-10,16.77,16.99,17.03,16.67,16.86,16.83
2022-02-11,17.03,17.1,17.34,17.03,16.99,16.86
2022-02-14,17.1,16.58,17.15,16.51,17.1,16.99
2022-02-15,16.5,16.28,16.67,16.1,16.58,17.1
2022-02-16,16.35,16.41,16.53,16.21,16.28,16.58
2022-02-17,16.39,16.42,16.55,16.32,16.41,16.28
2022-02-18,16.32,16.77,16.77,16.31,16.42,16.41
2022-02-21,16.66,16.51,16.67,16.32,16.77,16.42
2022-02-22,16.31,16.23,16.44,16.16,16.51,16.77
2022-02-23,16.3,16.19,16.31,16.04,16.23,16.51
2022-02-24,16.13,15.91,16.15,15.8,16.19,16.23
2022-02-25,15.99,15.9,16.08,15.87,15.91,16.19
2022-02-28,15.9,15.75,15.92,15.62,15.9,15.91
2022-03-01,15.79,15.92,15.95,15.62,15.75,15.9
2022-03-02,15.79,15.68,15.87,15.66,15.92,15.75
2022-03-03,15.73,15.71,15.81,15.63,15.68,15.92
2022-03-04,15.62,15.33,15.63,15.28,15.71,15.68
2022-03-07,15.17,14.72,15.17,14.66,15.33,15.71
2022-03-08,14.62,14.31,14.86,14.25,14.72,15.33
2022-03-09,14.4,13.84,14.45,13.22,14.31,14.72
2022-03-10,14.18,14.57,14.75,14.09,13.84,14.31
2022-03-11,14.4,14.9,14.98,14.15,14.57,13.84
2022-03-14,14.63,14.49,14.93,14.45,14.9,14.57
2022-03-15,14.4,13.68,14.4,13.6,14.49,14.9
2022-03-16,13.86,14.31,14.4,13.51,13.68,14.49
2022-03-17,14.66,14.45,14.71,14.24,14.31,13.68
2022-03-18,14.36,14.7,14.85,14.14,14.45,14.31
2022-03-21,14.5,14.59,14.82,14.39,14.7,14.45
2022-03-22,14.59,15.18,15.22,14.5,14.59,14.7
2022-03-23,15.11,15.0,15.19,14.9,15.18,14.59
2022-03-24,14.92,15.2,15.31,14.81,15.0,15.18
2022-03-25,15.15,14.98,15.25,14.82,15.2,15.0
2022-03-28,14.8,14.85,15.05,14.63,14.98,15.2
2022-03-29,14.88,14.68,14.95,14.6,14.85,14.98
2022-03-30,14.86,15.21,15.27,14.76,14.68,14.85
2022-03-31,15.1,15.38,15.57,15.06,15.21,14.68
2022-04-01,15.37,15.75,15.79,15.2,15.38,15.21
2022-04-06,15.64,16.39,16.54,15.63,15.75,15.38
2022-04-07,16.38,16.28,16.66,16.2,16.39,15.75
2022-04-08,16.26,16.4,16.45,16.13,16.28,16.39
2022-04-11,16.35,16.05,16.4,15.8,16.4,16.28
2022-04-12,16.05,15.92,16.26,15.66,16.05,16.4
2022-04-13,15.89,15.8,16.08,15.72,15.92,16.05
2022-04-14,16.0,16.04,16.25,15.92,15.8,15.92
2022-04-15,15.9,16.42,16.53,15.86,16.04,15.8
2022-04-18,16.15,15.9,16.2,15.81,16.42,16.04
2022-04-19,15.9,15.81,15.97,15.62,15.9,16.42
2022-04-20,15.81,15.85,16.05,15.7,15.81,15.9
2022-04-21,15.77,15.81,15.98,15.7,15.85,15.81
2022-04-22,15.64,16.06,16.19,15.4,15.81,15.85
2022-04-25,15.67,14.85,15.91,14.78,16.06,15.81
2022-04-26,14.88,14.73,14.98,14.45,14.85,16.06
2022-04-27,14.98,15.65,15.65,14.96,14.73,14.85
2022-04-28,15.57,15.65,15.93,15.37,15.65,14.73
2022-04-29,15.69,15.32,15.74,14.97,15.65,15.65
2022-05-05,15.2,15.32,15.45,15.15,15.32,15.65
2022-05-06,15.02,14.96,15.2,14.91,15.32,15.32
2022-05-09,14.94,14.55,14.94,14.46,14.96,15.32
2022-05-10,14.5,14.59,14.6,14.11,14.55,14.96
2022-05-11,14.54,14.63,14.84,14.44,14.59,14.55
2022-05-12,14.48,14.38,14.56,14.33,14.63,14.59
2022-05-13,14.5,14.61,14.66,14.49,14.38,14.63
2022-05-16,14.66,14.41,14.73,14.35,14.61,14.38
2022-05-17,14.51,14.71,14.72,14.32,14.41,14.61
2022-05-18,14.85,14.75,14.89,14.67,14.71,14.41
2022-05-19,14.55,14.62,14.7,14.5,14.75,14.71
2022-05-20,14.7,15.02,15.04,14.67,14.62,14.75
2022-05-23,15.07,14.83,15.07,14.76,15.02,14.62
2022-05-24,14.87,14.4,14.87,14.4,14.83,15.02
2022-05-25,14.43,14.39,14.49,14.3,14.4,14.83
2022-05-26,14.41,14.19,14.43,14.07,14.39,14.4
2022-05-27,14.29,14.18,14.35,14.11,14.19,14.39
2022-05-30,14.26,14.08,14.28,14.04,14.18,14.19
2022-05-31,14.07,14.16,14.18,14.0,14.08,14.18
2022-06-01,14.14,14.08,14.14,14.0,14.16,14.08
2022-06-02,14.02,13.95,14.03,13.88,14.08,14.16
2022-06-06,13.91,14.17,14.17,13.64,13.95,14.08
2022-06-07,14.02,14.16,14.25,13.99,14.17,13.95
2022-06-08,14.16,14.16,14.17,14.01,14.16,14.17
2022-06-09,14.14,14.35,14.46,14.1,14.16,14.16
2022-06-10,14.26,14.32,14.33,14.13,14.35,14.16
2022-06-13,14.18,13.91,14.19,13.88,14.32,14.35
2022-06-14,13.71,14.12,14.13,13.71,13.91,14.32
2022-06-15,14.1,14.74,15.11,14.06,14.12,13.91
2022-06-16,14.74,14.44,14.83,14.42,14.74,14.12
2022-06-17,14.32,14.45,14.53,14.2,14.44,14.74
2022-06-20,14.44,14.34,14.44,14.26,14.45,14.44
2022-06-21,14.34,14.37,14.63,14.23,14.34,14.45
2022-06-22,14.36,14.08,14.36,14.08,14.37,14.34
2022-06-23,14.09,14.2,14.23,14.06,14.08,14.37
2022-06-24,14.2,14.23,14.25,14.11,14.2,14.08
2022-06-27,14.24,14.49,14.56,14.22,14.23,14.2
2022-06-28,14.47,14.63,14.67,14.41,14.49,14.23
2022-06-29,14.65,14.64,14.9,14.55,14.63,14.49
2022-06-30,14.63,14.98,15.02,14.55,14.64,14.63
2022-07-01,15.0,14.92,15.07,14.84,14.98,14.64
2022-07-04,14.95,14.94,14.98,14.75,14.92,14.98
2022-07-05,14.99,14.91,15.27,14.82,14.94,14.92
2022-07-06,14.83,14.53,14.93,14.46,14.91,14.94
2022-07-07,14.54,14.42,14.65,14.38,14.53,14.91
2022-07-08,14.5,14.54,14.65,14.37,14.42,14.53
2022-07-11,14.5,14.46,14.57,14.36,14.54,14.42
2022-07-12,14.41,14.42,14.73,14.38,14.46,14.54
2022-07-13,14.42,13.97,14.47,13.89,14.42,14.46
2022-07-14,13.7,13.37,13.71,13.29,13.97,14.42
2022-07-15,13.48,13.24,13.56,13.22,13.37,13.97
2022-07-18,13.25,13.39,13.44,13.21,13.24,13.37
2022-07-19,13.34,13.42,13.43,13.28,13.39,13.24
2022-07-20,13.43,13.39,13.47,13.35,13.42,13.39
2022-07-21,13.32,13.01,13.34,12.99,13.39,13.42
2022-07-22,12.84,12.81,12.93,12.62,13.01,13.39
2022-07-25,12.8,12.82,12.85,12.67,12.81,13.01
2022-07-26,12.75,12.91,12.91,12.71,12.82,12.81
2022-07-27,12.85,12.79,12.88,12.73,12.91,12.82
2022-07-28,12.81,12.88,12.91,12.78,12.79,12.91
2022-07-29,12.88,12.68,12.9,12.65,12.88,12.79
2022-08-01,12.66,12.42,12.66,12.4,12.68,12.88
2022-08-02,12.22,12.26,12.34,11.94,12.42,12.68
2022-08-03,12.19,12.03,12.27,12.01,12.26,12.42
2022-08-04,12.1,12.16,12.17,12.02,12.03,12.26
2022-08-05,12.13,12.31,12.33,11.98,12.16,12.03
2022-08-08,12.25,12.2,12.36,12.16,12.31,12.16
2022-08-09,12.21,12.12,12.22,12.08,12.2,12.31
2022-08-10,12.12,12.06,12.24,12.02,12.12,12.2
2022-08-11,12.08,12.35,12.39,12.04,12.06,12.12
2022-08-12,12.26,12.38,12.41,12.2,12.35,12.06
2022-08-15,12.29,12.11,12.36,12.09,12.38,12.35
2022-08-16,12.11,12.13,12.2,12.1,12.11,12.38
2022-08-17,12.15,12.4,12.42,12.07,12.13,12.11
2022-08-18,12.48,12.25,12.54,12.16,12.4,12.13
2022-08-19,12.27,12.57,12.75,12.23,12.25,12.4
2022-08-22,12.58,12.5,12.68,12.41,12.57,12.25
2022-08-23,12.45,12.34,12.49,12.28,12.5,12.57
2022-08-24,12.33,12.4,12.54,12.33,12.34,12.5
2022-08-25,12.4,12.62,12.66,12.3,12.4,12.34
2022-08-26,12.68,12.61,12.75,12.46,12.62,12.4
2022-08-29,12.5,12.42,12.56,12.31,12.61,12.62
2022-08-30,12.43,12.48,12.54,12.28,12.42,12.61
2022-08-31,12.38,12.75,12.78,12.36,12.48,12.42
2022-09-01,12.65,12.61,12.79,12.58,12.75,12.48
2022-09-02,12.62,12.51,12.69,12.43,12.61,12.75
2022-09-05,12.46,12.57,12.6,12.37,12.51,12.61
2022-09-06,12.58,12.5,12.66,12.43,12.57,12.51
2022-09-07,12.42,12.33,12.42,12.28,12.5,12.57
2022-09-08,12.32,12.36,12.44,12.3,12.33,12.5
2022-09-09,12.4,12.72,12.74,12.36,12.36,12.33
2022-09-13,12.88,12.95,13.02,12.66,12.72,12.36
2022-09-14,12.75,12.73,12.87,12.7,12.95,12.72
2022-09-15,12.8,13.0,13.1,12.77,12.73,12.95
2022-09-16,12.92,12.56,12.95,12.56,13.0,12.73
2022-09-19,12.54,12.57,12.67,12.48,12.56,13.0
2022-09-20,12.61,12.34,12.63,12.32,12.57,12.56
2022-09-21,12.31,12.43,12.48,12.2,12.34,12.57
2022-09-22,12.33,12.29,12.36,12.25,12.43,12.34
2022-09-23,12.24,12.29,12.43,12.23,12.29,12.43
2022-09-26,12.16,12.0,12.28,11.99,12.29,12.29
2022-09-27,12.0,12.15,12.16,11.81,12.0,12.29
2022-09-28,12.09,12.11,12.25,11.92,12.15,12.0
2022-09-29,12.25,11.86,12.28,11.82,12.11,12.15
2022-09-30,11.87,11.84,11.96,11.83,11.86,12.11
2022-10-10,11.7,11.47,11.77,11.46,11.84,11.86
2022-10-11,11.54,11.48,11.58,11.41,11.47,11.84
2022-10-12,11.45,11.6,11.62,11.35,11.48,11.47
2022-10-13,11.51,11.34,11.54,11.31,11.6,11.48
2022-10-14,11.45,11.53,11.63,11.4,11.34,11.6
2022-10-17,11.42,11.48,11.52,11.34,11.53,11.34
2022-10-18,11.55,11.48,11.64,11.46,11.48,11.53
2022-10-19,11.42,11.29,11.49,11.28,11.48,11.48
2022-10-20,11.23,11.2,11.31,11.16,11.29,11.48
2022-10-21,11.21,11.09,11.25,11.07,11.2,11.29
2022-10-24,11.09,10.62,11.1,10.61,11.09,11.2
2022-10-25,10.7,10.65,10.81,10.6,10.62,11.09
2022-10-26,10.64,10.66,10.73,10.61,10.65,10.62
2022-10-27,10.7,10.68,10.77,10.66,10.66,10.65
2022-10-28,10.63,10.42,10.7,10.41,10.68,10.66
2022-10-31,10.33,10.34,10.45,10.22,10.42,10.68
2022-11-01,10.38,10.67,10.68,10.36,10.34,10.42
2022-11-02,10.61,10.63,10.68,10.48,10.67,10.34
2022-11-03,10.54,10.44,10.57,10.38,10.63,10.67
2022-11-04,10.4,10.82,10.85,10.39,10.44,10.63
2022-11-07,10.81,10.88,10.91,10.73,10.82,10.44
2022-11-08,10.89,10.85,10.92,10.78,10.88,10.82
2022-11-09,10.84,10.89,11.08,10.82,10.85,10.88
2022-11-10,10.79,10.87,10.9,10.69,10.89,10.85
2022-11-11,11.13,11.43,11.66,11.01,10.87,10.89
2022-11-14,11.7,11.95,12.28,11.7,11.43,10.87
2022-11-15,11.86,12.01,12.18,11.83,11.95,11.43
2022-11-16,11.97,11.82,12.05,11.79,12.01,11.95
2022-11-17,11.81,11.69,11.84,11.58,11.82,12.01
2022-11-18,11.74,11.59,11.78,11.57,11.69,11.82
2022-11-21,11.48,11.46,11.5,11.22,11.59,11.69
2022-11-22,11.46,11.82,11.93,11.44,11.46,11.59
2022-11-23,11.78,11.82,12.05,11.72,11.82,11.46
2022-11-24,11.92,11.77,11.99,11.69,11.82,11.82
2022-11-25,11.79,12.17,12.23,11.77,11.77,11.82
2022-11-28,11.9,11.81,11.92,11.69,12.17,11.77
2022-11-29,12.16,12.99,12.99,12.13,11.81,12.17
2022-11-30,12.9,13.03,13.34,12.82,12.99,11.81
2022-12-01,13.38,13.1,13.66,13.07,13.03,12.99
2022-12-02,13.14,12.9,13.15,12.69,13.1,13.03
2022-12-05,13.09,13.53,13.57,13.01,12.9,13.1
2022-12-06,13.34,13.43,13.66,13.25,13.53,12.9
2022-12-07,13.33,13.15,13.37,13.03,13.43,13.53
2022-12-08,13.15,13.36,13.52,13.12,13.15,13.43
2022-12-09,13.4,13.7,13.75,13.35,13.36,13.15
2022-12-12,13.58,13.11,13.58,13.06,13.7,13.36
2022-12-13,13.15,13.24,13.36,13.14,13.11,13.7
2022-12-14,13.23,13.23,13.4,13.08,13.24,13.11
2022-12-15,13.14,13.1,13.28,12.94,13.23,13.24
2022-12-16,13.02,13.34,13.4,13.02,13.1,13.23
2022-12-19,13.33,13.04,13.47,12.95,13.34,13.1
2022-12-20,12.97,12.76,13.08,12.67,13.04,13.34
2022-12-21,12.85,12.89,12.99,12.74,12.76,13.04
2022-12-22,13.0,12.95,13.15,12.9,12.89,12.76
2022-12-23,12.85,12.98,13.06,12.8,12.95,12.89
2022-12-26,12.99,12.77,13.04,12.71,12.98,12.95
2022-12-27,12.87,13.11,13.22,12.87,12.77,12.98
2022-12-28,13.16,13.14,13.38,13.0,13.11,12.77
2022-12-29,13.07,13.03,13.13,12.85,13.14,13.11
2022-12-30,13.04,13.16,13.28,12.96,13.03,13.14
2023-01-03,13.2,13.77,13.85,13.05,13.16,13.03
2023-01-04,13.71,14.32,14.42,13.63,13.77,13.16
2023-01-05,14.4,14.48,14.74,14.37,14.32,13.77
2023-01-06,14.5,14.62,14.72,14.48,14.48,14.32
2023-01-09,14.75,14.8,14.88,14.52,14.62,14.48
2023-01-10,14.76,14.44,14.89,14.39,14.8,14.62
2023-01-11,14.45,14.67,14.78,14.39,14.44,14.8
2023-01-12,14.77,14.67,14.77,14.53,14.67,14.44
2023-01-13,14.67,14.95,14.95,14.55,14.67,14.67
2023-01-16,14.95,15.08,15.28,14.85,14.95,14.67
2023-01-17,15.13,14.97,15.18,14.77,15.08,14.95
2023-01-18,14.95,15.11,15.18,14.91,14.97,15.08
2023-01-19,15.13,15.09,15.25,14.87,15.11,14.97
2023-01-20,15.16,15.13,15.24,15.0,15.09,15.11
2023-01-30,15.6,15.15,15.74,14.89,15.13,15.09
2023-01-31,15.24,14.99,15.51,14.96,15.15,15.13
2023-02-01,15.03,14.7,15.08,14.51,14.99,15.15
2023-02-02,14.74,14.6,14.78,14.27,14.7,14.99
2023-02-03,14.45,14.32,14.55,14.16,14.6,14.7
2023-02-06,14.1,14.0,14.13,13.86,14.32,14.6
2023-02-07,14.06,14.21,14.32,14.03,14.0,14.32
2023-02-08,14.24,14.04,14.32,14.03,14.21,14.0
2023-02-09,14.01,14.13,14.3,13.96,14.04,14.21
2023-02-10,14.1,13.98,14.12,13.86,14.13,14.04
2023-02-13,13.94,13.82,13.94,13.6,13.98,14.13
2023-02-14,13.85,13.96,13.98,13.8,13.82,13.98
2023-02-15,13.95,13.67,13.96,13.62,13.96,13.82
2023-02-16,13.68,13.6,13.91,13.5,13.67,13.96
2023-02-17,13.63,13.43,13.72,13.43,13.6,13.67
2023-02-20,13.5,14.15,14.15,13.49,13.43,13.6
2023-02-21,14.06,14.1,14.2,13.92,14.15,13.43
2023-02-22,14.0,14.02,14.12,13.94,14.1,14.15
2023-02-23,14.0,14.05,14.32,13.98,14.02,14.1
2023-02-24,14.02,13.86,14.03,13.8,14.05,14.02
2023-02-27,13.75,13.69,13.88,13.68,13.86,14.05
2023-02-28,13.75,13.78,13.85,13.61,13.69,13.86
2023-03-01,13.8,14.17,14.19,13.74,13.78,13.69
2023-03-02,14.13,14.24,14.44,14.06,14.17,13.78
2023-03-03,14.35,14.29,14.37,14.14,14.24,14.17
2023-03-06,14.3,13.85,14.3,13.72,14.29,14.24
2023-03-07,13.85,13.69,14.1,13.65,13.85,14.29
2023-03-08,13.63,13.53,13.64,13.4,13.69,13.85
2023-03-09,13.54,13.2,13.58,13.13,13.53,13.69
2023-03-10,13.0,13.14,13.27,13.0,13.2,13.53
2023-03-13,13.12,13.05,13.29,13.0,13.14,13.2
2023-03-14,12.99,12.87,13.0,12.73,13.05,13.14
2023-03-15,13.05,13.05,13.18,12.94,12.87,13.05
2023-03-16,12.89,12.82,13.03,12.8,13.05,12.87
2023-03-17,12.99,12.75,13.04,12.65,12.82,13.05
2023-03-20,12.76,12.57,12.85,12.55,12.75,12.82
2023-03-21,12.65,12.7,12.78,12.5,12.57,12.75
2023-03-22,12.75,12.79,12.88,12.71,12.7,12.57
2023-03-23,12.7,12.9,12.9,12.63,12.79,12.7
2023-03-24,12.85,12.82,12.86,12.76,12.9,12.79
2023-03-27,12.8,12.6,12.81,12.46,12.82,12.9
2023-03-28,12.66,12.64,12.73,12.55,12.6,12.82
2023-03-29,12.73,12.53,12.74,12.5,12.64,12.6
2023-03-30,12.55,12.68,12.71,12.41,12.53,12.64
2023-03-31,12.69,12.53,12.77,12.51,12.68,12.53
2023-04-03,12.55,12.67,12.69,12.46,12.53,12.68
2023-04-04,12.64,12.65,12.72,12.59,12.67,12.53
2023-04-06,12.6,12.58,12.61,12.5,12.65,12.67
2023-04-07,12.57,12.62,12.69,12.5,12.58,12.65
2023-04-10,12.64,12.68,12.7,12.58,12.62,12.58
2023-04-11,12.7,12.54,12.72,12.52,12.68,12.62
2023-04-12,12.58,12.48,12.59,12.45,12.54,12.68
2023-04-13,12.41,12.56,12.67,12.3,12.48,12.54
2023-04-14,12.6,12.69,12.9,12.58,12.56,12.48
2023-04-17,12.66,12.93,12.94,12.6,12.69,12.56
2023-04-18,12.93,13.0,13.2,12.89,12.93,12.69
2023-04-19,13.02,12.85,13.07,12.83,13.0,12.93
2023-04-20,12.9,12.75,12.9,12.62,12.85,13.0
2023-04-21,12.7,12.5,12.83,12.48,12.75,12.85
2023-04-24,12.48,12.1,12.5,12.03,12.5,12.75
2023-04-25,12.14,12.28,12.37,12.12,12.1,12.5
2023-04-26,12.25,12.12,12.25,11.99,12.28,12.1
2023-04-27,12.06,12.26,12.35,12.0,12.12,12.28
2023-04-28,12.26,12.55,12.78,12.22,12.26,12.12
2023-05-04,12.4,12.73,12.83,12.19,12.55,12.26
2023-05-05,12.78,12.91,13.11,12.75,12.73,12.55
2023-05-08,12.94,13.32,13.49,12.84,12.91,12.73
2023-05-09,13.4,13.16,13.6,13.13,13.32,12.91
2023-05-10,13.17,12.84,13.26,12.8,13.16,13.32
2023-05-11,12.95,12.85,13.12,12.8,12.84,13.16
2023-05-12,12.82,12.62,12.87,12.61,12.85,12.84
2023-05-15,12.68,12.83,12.85,12.45,12.62,12.85
2023-05-16,12.8,12.62,12.92,12.57,12.83,12.62
2023-05-17,12.58,12.49,12.64,12.44,12.62,12.83
2023-05-18,12.57,12.49,12.64,12.43,12.49,12.62
2023-05-19,12.43,12.34,12.44,12.32,12.49,12.49
2023-05-22,12.31,12.38,12.45,12.31,12.34,12.49
2023-05-23,12.38,12.21,12.41,12.21,12.38,12.34
2023-05-24,12.2,12.01,12.21,12.01,12.21,12.38
2023-05-25,11.99,11.93,12.0,11.81,12.01,12.21
2023-05-26,11.93,12.1,12.13,11.84,11.93,12.01
2023-05-29,12.11,11.98,12.13,11.95,12.1,11.93
2023-05-30,11.98,11.87,11.99,11.8,11.98,12.1
2023-05-31,11.82,11.6,11.84,11.58,11.87,11.98
2023-06-01,11.6,11.59,11.68,11.5,11.6,11.87
2023-06-02,11.68,11.93,11.97,11.64,11.59,11.6
2023-06-05,11.88,11.91,12.0,11.82,11.93,11.59
2023-06-06,11.91,11.84,12.09,11.82,11.91,11.93
2023-06-07,11.89,11.94,12.07,11.88,11.84,11.91
2023-06-08,11.96,12.12,12.2,11.86,11.94,11.84
2023-06-09,12.06,11.88,12.09,11.85,12.12,11.94
2023-06-12,11.82,11.79,11.9,11.76,11.88,12.12
2023-06-13,11.76,11.77,11.84,11.69,11.79,11.88
2023-06-14,11.55,11.47,11.73,11.46,11.77,11.79
2023-06-15,11.49,11.61,11.63,11.39,11.47,11.77
2023-06-16,11.61,11.63,11.67,11.57,11.61,11.47
2023-06-19,11.63,11.45,11.63,11.41,11.63,11.61
2023-06-20,11.44,11.36,11.46,11.35,11.45,11.63
2023-06-21,11.36,11.35,11.48,11.34,11.36,11.45
2023-06-26,11.3,11.18,11.3,11.15,11.35,11.36
2023-06-27,11.2,11.28,11.32,11.17,11.18,11.35
2023-06-28,11.28,11.3,11.33,11.22,11.28,11.18
2023-06-29,11.29,11.18,11.29,11.17,11.3,11.28
2023-06-30,11.18,11.23,11.31,11.15,11.18,11.3
2023-07-03,11.24,11.49,11.53,11.23,11.23,11.18
2023-07-04,11.46,11.4,11.49,11.32,11.49,11.23
2023-07-05,11.36,11.34,11.4,11.3,11.4,11.49
2023-07-06,11.3,11.24,11.34,11.21,11.34,11.4
2023-07-07,11.2,11.2,11.27,11.18,11.24,11.34
2023-07-10,11.25,11.2,11.28,11.17,11.2,11.24
2023-07-11,11.22,11.21,11.26,11.19,11.2,11.2
2023-07-12,11.23,11.24,11.36,11.22,11.21,11.2
2023-07-13,11.32,11.43,11.47,11.27,11.24,11.21
2023-07-14,11.43,11.46,11.55,11.4,11.43,11.24
2023-07-17,11.41,11.31,11.41,11.26,11.46,11.43
2023-07-18,11.29,11.25,11.32,11.22,11.31,11.46
2023-07-19,11.23,11.31,11.32,11.23,11.25,11.31
2023-07-20,11.33,11.32,11.44,11.29,11.31,11.25
2023-07-21,11.31,11.34,11.39,11.28,11.32,11.31
2023-07-24,11.33,11.26,11.33,11.24,11.34,11.32
2023-07-25,11.45,11.72,11.73,11.44,11.26,11.34
2023-07-26,11.65,11.67,11.74,11.56,11.72,11.26
2023-07-27,11.68,11.75,11.87,11.65,11.67,11.72
2023-07-28,11.69,12.26,12.3,11.67,11.75,11.67
2023-07-31,12.3,12.32,12.5,12.23,12.26,11.75
2023-08-01,12.26,12.16,12.37,12.13,12.32,12.26
2023-08-02,12.06,12.03,12.24,11.93,12.16,12.32
2023-08-03,11.99,12.33,12.37,11.95,12.03,12.16
2023-08-04,12.42,12.3,12.53,12.21,12.33,12.03
2023-08-07,12.21,12.16,12.25,12.12,12.3,12.33
2023-08-08,12.12,12.1,12.21,12.0,12.16,12.3
2023-08-09,12.06,12.17,12.2,12.05,12.1,12.16
2023-08-10,12.15,12.16,12.21,12.06,12.17,12.1
2023-08-11,12.17,11.89,12.27,11.89,12.16,12.17
2023-08-14,11.76,11.67,11.78,11.59,11.89,12.16
2023-08-15,11.69,11.73,11.8,11.6,11.67,11.89
2023-08-16,11.67,11.73,11.85,11.61,11.73,11.67
2023-08-17,11.67,11.57,11.7,11.46,11.73,11.73
2023-08-18,11.58,11.56,11.74,11.53,11.57,11.73
2023-08-21,11.56,11.32,11.58,11.32,11.56,11.57
2023-08-22,11.38,11.37,11.45,11.31,11.32,11.56
2023-08-23,11.35,11.25,11.42,11.24,11.37,11.32
2023-08-24,11.29,11.13,11.32,11.05,11.25,11.37
2023-08-25,11.1,11.23,11.33,11.08,11.13,11.25
2023-08-28,11.84,11.52,11.93,11.49,11.23,11.13
2023-08-29,11.47,11.31,11.49,11.13,11.52,11.23
2023-08-30,11.27,11.13,11.27,11.13,11.31,11.52
2023-08-31,11.14,11.13,11.22,11.12,11.13,11.31
2023-09-01,11.19,11.32,11.36,11.19,11.13,11.13
2023-09-04,11.35,11.56,11.59,11.33,11.32,11.13
2023-09-05,11.5,11.39,11.51,11.36,11.56,11.32
2023-09-06,11.33,11.43,11.46,11.3,11.39,11.56
2023-09-07,11.4,11.33,11.44,11.32,11.43,11.39
2023-09-08,11.28,11.27,11.32,11.23,11.33,11.43
2023-09-11,11.3,11.34,11.4,11.27,11.27,11.33
2023-09-12,11.35,11.28,11.35,11.25,11.34,11.27
2023-09-13,11.29,11.25,11.32,11.21,11.28,11.34
2023-09-14,11.28,11.29,11.33,11.25,11.25,11.28
2023-09-15,11.35,11.22,11.4,11.2,11.29,11.25
2023-09-18,11.22,11.23,11.24,11.14,11.22,11.29
2023-09-19,11.22,11.21,11.23,11.16,11.23,11.22
2023-09-20,11.2,11.15,11.22,11.15,11.21,11.23
2023-09-21,11.14,11.05,11.14,11.04,11.15,11.21
2023-09-22,11.03,11.24,11.25,11.03,11.05,11.15
2023-09-25,11.24,11.22,11.32,11.19,11.24,11.05
2023-09-26,11.22,11.16,11.26,11.14,11.22,11.24
2023-09-27,11.15,11.17,11.22,11.15,11.16,11.22
2023-09-28,11.19,11.2,11.24,11.18,11.17,11.16
2023-10-09,11.16,11.11,11.17,11.06,11.2,11.17
2023-10-10,11.19,11.02,11.2,11.02,11.11,11.2
2023-10-11,11.09,10.98,11.09,10.96,11.02,11.11
2023-10-12,11.11,11.11,11.16,11.04,10.98,11.02
2023-10-13,11.03,11.0,11.07,10.95,11.11,10.98
2023-10-16,11.0,11.01,11.03,10.95,11.0,11.11
2023-10-17,11.01,11.02,11.05,10.96,11.01,11.0
2023-10-18,10.99,10.95,11.02,10.91,11.02,11.01
2023-10-19,10.91,10.6,10.92,10.59,10.95,11.02
2023-10-20,10.55,10.6,10.67,10.51,10.6,10.95
2023-10-23,10.59,10.5,10.6,10.43,10.6,10.6
2023-10-24,10.54,10.55,10.61,10.44,10.5,10.6
2023-10-25,10.51,10.38,10.54,10.36,10.55,10.5
2023-10-26,10.31,10.41,10.42,10.3,10.38,10.55
2023-10-27,10.38,10.45,10.48,10.33,10.41,10.38
2023-10-30,10.4,10.45,10.47,10.35,10.45,10.41
2023-10-31,10.43,10.46,10.49,10.41,10.45,10.45
2023-11-01,10.55,10.48,10.56,10.45,10.46,10.45
2023-11-02,10.5,10.48,10.6,10.47,10.48,10.46
2023-11-03,10.49,10.48,10.52,10.43,10.48,10.48
2023-11-06,10.51,10.69,10.69,10.51,10.48,10.48
2023-11-07,10.66,10.6,10.66,10.58,10.69,10.48
2023-11-08,10.58,10.5,10.6,10.45,10.6,10.69
2023-11-09,10.46,10.49,10.52,10.43,10.5,10.6
2023-11-10,10.45,10.3,10.47,10.29,10.49,10.5
2023-11-13,10.31,10.25,10.33,10.22,10.3,10.49
2023-11-14,10.24,10.27,10.33,10.23,10.25,10.3
2023-11-15,10.37,10.37,10.45,10.34,10.27,10.25
2023-11-16,10.38,10.24,10.39,10.23,10.37,10.27
2023-11-17,10.22,10.15,10.25,10.12,10.24,10.37
2023-11-20,10.15,10.19,10.22,10.1,10.15,10.24
2023-11-21,10.23,10.28,10.35,10.22,10.19,10.15
2023-11-22,10.26,10.16,10.31,10.14,10.28,10.19
2023-11-23,10.15,10.15,10.16,10.07,10.16,10.28
2023-11-24,10.11,10.1,10.13,10.08,10.15,10.16
2023-11-27,10.09,10.01,10.09,9.97,10.1,10.15
2023-11-28,9.99,9.95,10.02,9.95,10.01,10.1
2023-11-29,9.95,9.72,9.97,9.7,9.95,10.01
2023-11-30,9.69,9.68,9.73,9.62,9.72,9.95
2023-12-01,9.65,9.66,9.68,9.58,9.68,9.72
2023-12-04,9.67,9.63,9.68,9.61,9.66,9.68
2023-12-05,9.61,9.48,9.62,9.47,9.63,9.66
2023-12-06,9.44,9.5,9.57,9.4,9.48,9.63
2023-12-07,9.49,9.44,9.49,9.38,9.5,9.48
2023-12-08,9.41,9.3,9.45,9.3,9.44,9.5
2023-12-11,9.22,9.35,9.38,9.13,9.3,9.44
2023-12-12,9.31,9.42,9.5,9.3,9.35,9.3
2023-12-13,9.38,9.16,9.39,9.15,9.42,9.35
2023-12-14,9.21,9.15,9.28,9.15,9.16,9.42
2023-12-15,9.2,9.21,9.35,9.19,9.15,9.16
2023-12-18,9.18,9.13,9.24,9.09,9.21,9.15
2023-12-19,9.12,9.1,9.17,9.07,9.13,9.21
2023-12-20,9.11,9.03,9.15,9.03,9.1,9.13
2023-12-21,9.01,9.17,9.19,8.99,9.03,9.1
2023-12-22,9.19,9.2,9.28,9.11,9.17,9.03
2023-12-25,9.18,9.19,9.2,9.14,9.2,9.17
2023-12-26,9.19,9.1,9.2,9.07,9.19,9.2
2023-12-27,9.1,9.12,9.13,9.02,9.1,9.19
2023-12-28,9.11,9.45,9.47,9.08,9.12,9.1
2023-12-29,9.42,9.39,9.48,9.35,9.45,9.12
2024-01-02,9.39,9.21,9.42,9.21,9.39,9.45
2024-01-03,9.19,9.2,9.22,9.15,9.21,9.39
2024-01-04,9.19,9.11,9.19,9.08,9.2,9.21
2024-01-05,9.1,9.27,9.44,9.07,9.11,9.2
2024-01-08,9.23,9.15,9.3,9.11,9.27,9.11
2024-01-09,9.16,9.18,9.19,9.09,9.15,9.27
2024-01-10,9.16,9.09,9.19,9.09,9.18,9.15
2024-01-11,9.08,9.17,9.22,9.03,9.09,9.18
2024-01-12,9.13,9.19,9.27,9.11,9.17,9.09
2024-01-15,9.16,9.21,9.29,9.13,9.19,9.17
2024-01-16,9.19,9.34,9.35,9.16,9.21,9.19
2024-01-17,9.33,9.23,9.39,9.23,9.34,9.21
2024-01-18,9.21,9.2,9.24,9.0,9.23,9.34
2024-01-19,9.16,9.17,9.2,9.1,9.2,9.23
2024-01-22,9.16,9.1,9.26,9.04,9.17,9.2
2024-01-23,9.05,9.16,9.18,8.96,9.1,9.17
2024-01-24,9.23,9.33,9.34,9.07,9.16,9.1
2024-01-25,9.33,9.5,9.54,9.27,9.33,9.16
2024-01-26,9.47,9.62,9.67,9.44,9.5,9.33
2024-01-29,9.69,9.7,9.88,9.58,9.62,9.5
2024-01-30,9.61,9.5,9.7,9.49,9.7,9.62
2024-01-31,9.46,9.46,9.56,9.38,9.5,9.7
2024-02-01,9.41,9.41,9.48,9.34,9.46,9.5
2024-02-02,9.42,9.27,9.47,9.07,9.41,9.46
2024-02-05,9.19,9.38,9.43,9.11,9.27,9.41
2024-02-06,9.3,9.68,9.68,9.29,9.38,9.27
2024-02-07,9.62,9.61,9.67,9.48,9.68,9.38
2024-02-08,9.58,9.67,9.67,9.52,9.61,9.68
2024-02-19,9.76,9.81,9.81,9.65,9.67,9.61
2024-02-20,9.79,9.82,9.84,9.73,9.81,9.67
2024-02-21,9.78,10.8,10.8,9.77,9.82,9.81
2024-02-22,10.65,10.9,10.91,10.62,10.8,9.82
2024-02-23,10.88,10.85,11.24,10.84,10.9,10.8
2024-02-26,10.78,10.53,10.88,10.5,10.85,10.9
2024-02-27,10.49,10.5,10.6,10.46,10.53,10.85
2024-02-28,10.51,10.49,10.7,10.4,10.5,10.53
2024-02-29,10.42,10.59,10.59,10.41,10.49,10.5
2024-03-01,10.59,10.49,10.6,10.43,10.59,10.49
2024-03-04,10.45,10.33,10.5,10.32,10.49,10.59
2024-03-05,10.3,10.43,10.47,10.26,10.33,10.49
2024-03-06,10.4,10.33,10.45,10.33,10.43,10.33
2024-03-07,10.33,10.38,10.64,10.33,10.33,10.43
2024-03-08,10.35,10.38,10.44,10.3,10.38,10.33
2024-03-11,10.38,10.47,10.47,10.34,10.38,10.38
2024-03-12,10.48,10.56,10.59,10.41,10.47,10.38
2024-03-13,10.53,10.33,10.55,10.3,10.56,10.47
2024-03-14,10.3,10.23,10.38,10.2,10.33,10.56
2024-03-15,10.55,10.6,10.75,10.5,10.23,10.33
2024-03-18,10.56,10.54,10.61,10.49,10.6,10.23
2024-03-19,10.53,10.4,10.54,10.39,10.54,10.6
2024-03-20,10.38,10.45,10.47,10.37,10.4,10.54
2024-03-21,10.45,10.47,10.52,10.42,10.45,10.4
2024-03-22,10.45,10.36,10.45,10.31,10.47,10.45
2024-03-25,10.35,10.4,10.49,10.32,10.36,10.47
2024-03-26,10.45,10.6,10.66,10.42,10.4,10.36
2024-03-27,10.56,10.53,10.63,10.51,10.6,10.4
2024-03-28,10.51,10.49,10.57,10.38,10.53,10.6
2024-03-29,10.45,10.52,10.57,10.43,10.49,10.53
2024-04-01,10.52,10.64,10.65,10.51,10.52,10.49
2024-04-02,10.63,10.55,10.68,10.53,10.64,10.52
2024-04-03,10.53,10.46,10.55,10.42,10.55,10.64
2024-04-08,10.42,10.43,10.49,10.37,10.46,10.55
2024-04-09,10.43,10.4,10.47,10.36,10.43,10.46
2024-04-10,10.38,10.28,10.41,10.27,10.4,10.43
2024-04-11,10.24,10.25,10.29,10.12,10.28,10.4
2024-04-12,10.22,10.06,10.27,10.04,10.25,10.28
2024-04-15,10.07,10.29,10.32,10.06,10.06,10.25
2024-04-16,10.28,10.28,10.39,10.22,10.29,10.06
2024-04-17,10.26,10.62,10.63,10.21,10.28,10.29
2024-04-18,10.58,10.8,11.03,10.56,10.62,10.28
2024-04-19,10.71,10.69,10.82,10.66,10.8,10.62
2024-04-22,10.64,10.5,10.81,10.45,10.69,10.8
2024-04-23,10.51,10.54,10.65,10.46,10.5,10.69
2024-04-24,10.52,10.53,10.57,10.46,10.54,10.5
2024-04-25,10.5,10.61,10.62,10.48,10.53,10.54
2024-04-26,10.59,10.6,10.67,10.48,10.61,10.53
2024-04-29,10.56,10.81,10.9,10.52,10.6,10.61
2024-04-30,10.8,10.79,10.88,10.73,10.81,10.6
2024-05-06,10.96,10.89,11.11,10.84,10.79,10.81
2024-05-07,10.87,10.88,10.89,10.76,10.89,10.79
2024-05-08,10.84,10.73,10.88,10.71,10.88,10.89
2024-05-09,10.71,10.76,10.82,10.71,10.73,10.88
2024-05-10,10.77,10.94,10.96,10.76,10.76,10.73
2024-05-13,10.9,10.97,11.01,10.81,10.94,10.76
2024-05-14,11.0,10.91,11.06,10.88,10.97,10.94
2024-05-15,10.9,10.83,10.92,10.81,10.91,10.97
2024-05-16,10.85,11.17,11.21,10.83,10.83,10.91
2024-05-17,11.18,11.42,11.42,11.13,11.17,10.83
2024-05-20,11.43,11.38,11.53,11.31,11.42,11.17
2024-05-21,11.32,11.55,11.62,11.31,11.38,11.42
2024-05-22,11.56,11.56,11.74,11.46,11.55,11.38
2024-05-23,11.53,11.4,11.59,11.37,11.56,11.55
2024-05-24,11.37,11.31,11.49,11.3,11.4,11.56
2024-05-27,11.31,11.51,11.53,11.31,11.31,11.4
2024-05-28,11.5,11.4,11.58,11.36,11.51,11.31
2024-05-29,11.38,11.26,11.45,11.23,11.4,11.51
2024-05-30,11.24,11.12,11.34,11.06,11.26,11.4
2024-05-31,11.14,11.11,11.19,11.11,11.12,11.26
2024-06-03,11.12,10.98,11.13,10.91,11.11,11.12
2024-06-04,10.95,11.02,11.05,10.91,10.98,11.11
2024-06-05,11.04,10.87,11.07,10.87,11.02,10.98
2024-06-06,10.9,10.9,10.98,10.88,10.87,11.02
2024-06-07,10.92,10.99,11.01,10.89,10.9,10.87
2024-06-11,10.98,10.87,11.02,10.79,10.99,10.9
2024-06-12,10.85,10.88,10.91,10.78,10.87,10.99
2024-06-13,10.89,10.8,10.93,10.8,10.88,10.87
2024-06-14,10.15,10.18,10.23,9.99,10.8,10.88
2024-06-17,10.13,10.1,10.16,10.08,10.18,10.8
2024-06-18,10.11,10.08,10.16,10.04,10.1,10.18
2024-06-19,10.1,10.15,10.21,10.08,10.08,10.1
2024-06-20,10.16,10.05,10.17,10.05,10.15,10.08
2024-06-21,10.05,10.0,10.09,9.95,10.05,10.15
2024-06-24,9.97,9.98,10.07,9.88,10.0,10.05
2024-06-25,9.99,10.08,10.13,9.98,9.98,10.0
2024-06-26,10.06,10.08,10.13,10.02,10.08,9.98
2024-06-27,10.06,10.13,10.21,10.0,10.08,10.08
2024-06-28,10.1,10.15,10.26,10.09,10.13,10.08
2024-07-01,10.09,10.35,10.35,10.04,10.15,10.13
2024-07-02,10.3,10.4,10.48,10.28,10.35,10.15
2024-07-03,10.4,10.31,10.43,10.29,10.4,10.35
2024-07-04,10.3,10.26,10.38,10.25,10.31,10.4
2024-07-05,10.26,9.97,10.29,9.92,10.26,10.31
2024-07-08,9.94,9.93,10.02,9.85,9.97,10.26
2024-07-09,9.94,10.07,10.1,9.91,9.93,9.97
2024-07-10,10.07,10.14,10.2,10.05,10.07,9.93
2024-07-11,10.21,10.13,10.23,10.07,10.14,10.07
2024-07-12,10.12,10.31,10.31,10.12,10.13,10.14
2024-07-15,10.31,10.33,10.35,10.26,10.31,10.13
2024-07-16,10.33,10.3,10.37,10.24,10.33,10.31
2024-07-17,10.3,10.4,10.42,10.28,10.3,10.33
2024-07-18,10.38,10.41,10.43,10.3,10.4,10.3
2024-07-19,10.38,10.37,10.42,10.29,10.41,10.4
2024-07-22,10.36,10.23,10.38,10.19,10.37,10.41
2024-07-23,10.25,10.18,10.33,10.16,10.23,10.37
2024-07-24,10.18,10.13,10.24,10.12,10.18,10.23
2024-07-25,10.12,10.09,10.15,10.0,10.13,10.18
2024-07-26,10.1,10.03,10.12,9.97,10.09,10.13
2024-07-29,10.02,10.11,10.14,9.97,10.03,10.09
2024-07-30,10.1,10.08,10.13,10.03,10.11,10.03
2024-07-31,10.08,10.27,10.28,10.07,10.08,10.11
2024-08-01,10.25,10.27,10.32,10.17,10.27,10.08
2024-08-02,10.22,10.14,10.25,10.13,10.27,10.27
2024-08-05,10.11,10.05,10.22,10.05,10.14,10.27
2024-08-06,10.07,9.93,10.12,9.89,10.05,10.14
2024-08-07,9.95,9.93,9.98,9.91,9.93,10.05
2024-08-08,9.92,9.94,9.98,9.9,9.93,9.93
2024-08-09,9.96,10.04,10.1,9.94,9.94,9.93
2024-08-12,10.02,10.01,10.05,9.98,10.04,9.94
2024-08-13,10.02,9.95,10.03,9.92,10.01,10.04
2024-08-14,9.94,9.92,9.98,9.91,9.95,10.01
2024-08-15,9.92,10.03,10.06,9.87,9.92,9.95
2024-08-16,10.08,10.13,10.21,10.05,10.03,9.92
2024-08-19,10.13,10.29,10.3,10.12,10.13,10.03
2024-08-20,10.32,10.34,10.43,10.28,10.29,10.13
2024-08-21,10.3,10.35,10.38,10.21,10.34,10.29
2024-08-22,10.34,10.38,10.45,10.32,10.35,10.34
2024-08-23,10.39,10.47,10.5,10.32,10.38,10.35
2024-08-26,10.5,10.49,10.55,10.42,10.47,10.38
2024-08-27,10.47,10.43,10.52,10.37,10.49,10.47
2024-08-28,10.41,10.33,10.43,10.28,10.43,10.49
2024-08-29,10.31,10.13,10.38,10.11,10.33,10.43
2024-08-30,10.11,10.16,10.26,10.11,10.13,10.33
2024-09-02,10.12,10.11,10.21,10.09,10.16,10.13
2024-09-03,10.11,10.08,10.13,10.0,10.11,10.16
2024-09-04,10.05,10.02,10.15,10.0,10.08,10.11
2024-09-05,10.03,10.07,10.08,9.98,10.02,10.08
2024-09-06,10.06,10.08,10.21,10.05,10.07,10.02
2024-09-09,10.05,9.85,10.07,9.84,10.08,10.07
2024-09-10,9.86,9.9,9.92,9.78,9.85,10.08
2024-09-11,9.88,9.65,9.88,9.63,9.9,9.85
2024-09-12,9.65,9.74,9.77,9.61,9.65,9.9
2024-09-13,9.73,9.7,9.82,9.7,9.74,9.65
2024-09-18,9.72,9.77,9.78,9.66,9.7,9.74
2024-09-19,9.79,9.81,9.84,9.68,9.77,9.7
2024-09-20,9.81,9.9,9.9,9.78,9.81,9.77
2024-09-23,9.89,10.04,10.09,9.87,9.9,9.81
2024-09-24,10.11,10.37,10.37,10.08,10.04,9.9
2024-09-25,10.52,10.5,10.7,10.45,10.37,10.04
2024-09-26,10.5,11.15,11.15,10.5,10.5,10.37
2024-09-27,11.35,11.42,11.56,11.03,11.15,10.5
2024-09-30,11.62,12.21,12.3,11.56,11.42,11.15
2024-10-08,13.43,12.88,13.43,12.34,12.21,11.42
2024-10-09,12.63,11.68,12.63,11.66,12.88,12.21
2024-10-10,11.62,11.98,12.26,11.6,11.68,12.88
2024-10-11,12.0,11.72,12.17,11.58,11.98,11.68
2024-10-14,11.98,12.02,12.18,11.79,11.72,11.98
2024-10-15,11.94,11.9,12.23,11.88,12.02,11.72
2024-10-16,11.8,12.06,12.18,11.77,11.9,12.02
2024-10-17,12.07,11.95,12.23,11.93,12.06,11.9
2024-10-18,11.91,12.04,12.18,11.68,11.95,12.06
2024-10-21,11.94,11.81,11.94,11.63,12.04,11.95
2024-10-22,11.76,11.79,11.93,11.72,11.81,12.04
2024-10-23,11.82,11.86,11.89,11.75,11.79,11.81
2024-10-24,11.81,11.75,11.86,11.72,11.86,11.79
2024-10-25,11.77,11.71,11.78,11.69,11.75,11.86
2024-10-28,11.68,11.64,11.68,11.53,11.71,11.75
2024-10-29,11.62,11.54,11.74,11.53,11.64,11.71
2024-10-30,11.5,11.32,11.58,11.27,11.54,11.64
2024-10-31,11.33,11.38,11.44,11.24,11.32,11.54
2024-11-01,11.38,11.43,11.55,11.34,11.38,11.32
2024-11-04,11.43,11.46,11.46,11.26,11.43,11.38
2024-11-05,11.42,11.65,11.66,11.39,11.46,11.43
2024-11-06,11.62,11.55,11.64,11.47,11.65,11.46
2024-11-07,11.5,11.91,11.93,11.48,11.55,11.65
2024-11-08,11.94,11.72,12.01,11.7,11.91,11.55
2024-11-11,11.63,11.6,11.68,11.47,11.72,11.91
2024-11-12,11.58,11.54,11.84,11.51,11.6,11.72
2024-11-13,11.5,11.61,11.7,11.48,11.54,11.6
2024-11-14,11.59,11.54,11.7,11.53,11.61,11.54
2024-11-15,11.5,11.44,11.61,11.42,11.54,11.61
2024-11-18,11.63,11.75,12.04,11.62,11.44,11.54
2024-11-19,11.75,11.68,11.96,11.55,11.75,11.44
2024-11-20,11.67,11.64,11.75,11.61,11.68,11.75
2024-11-21,11.62,11.59,11.65,11.56,11.64,11.68
2024-11-22,11.59,11.28,11.61,11.28,11.59,11.64
2024-11-25,11.28,11.18,11.34,11.14,11.28,11.59
